[14:10:40] [ServerMain/INFO]: Environment: authHost='https://authserver.mojang.com', accountsHost='https://api.mojang.com', sessionHost='https://sessionserver.mojang.com', servicesHost='https://api.minecraftservices.com', name='PROD'
[14:10:43] [ServerMain/INFO]: Loaded 7 recipes
[14:10:44] [ServerMain/WARN]: Not all defined tags for registry ResourceKey[minecraft:root / minecraft:block] are present in data pack: 1_splatus:spellbound/hot
[14:10:44] [Server thread/INFO]: Starting minecraft server version 1.20.1
[14:10:44] [Server thread/INFO]: Loading properties
[14:10:44] [Server thread/INFO]: This server is running Paper version git-Paper-196 (MC: 1.20.1) (Implementing API version 1.20.1-R0.1-SNAPSHOT) (Git: 773dd72)
[14:10:45] [Server thread/INFO]: Server Ping Player Sample Count: 12
[14:10:45] [Server thread/INFO]: Using 4 threads for Netty based IO
[14:10:45] [Server thread/WARN]: [!] The timings profiler has been enabled but has been scheduled for removal from Paper in the future.
    We recommend installing the spark profiler as a replacement: https://spark.lucko.me/
    For more information please visit: https://github.com/PaperMC/Paper/issues/8948
[14:10:45] [Server thread/INFO]: [ChunkTaskScheduler] Chunk system is using 1 I/O threads, 1 worker threads, and gen parallelism of 1 threads
[14:10:45] [Server thread/INFO]: Default game type: SURVIVAL
[14:10:45] [Server thread/INFO]: Generating keypair
[14:10:45] [Server thread/INFO]: Starting Minecraft server on 0.0.0.0:25565
[14:10:45] [Server thread/INFO]: Using epoll channel type
[14:10:45] [Server thread/INFO]: Paper: Using libdeflate (Linux x86_64) compression from Velocity.
[14:10:45] [Server thread/INFO]: Paper: Using OpenSSL 3.0.x (Linux x86_64) cipher from Velocity.
[14:10:46] [Server thread/INFO]: [com.dfsek.terra.AbstractPlatform] Initializing Terra...
[14:10:46] [Server thread/INFO]: [com.dfsek.terra.AbstractPlatform] Loading config.yml
[14:10:46] [Server thread/INFO]: [com.dfsek.terra.config.PluginConfigImpl] Loading config values from config.yml
[14:10:46] [Server thread/INFO]: [com.dfsek.terra.AbstractPlatform] Loading 35 Terra addons:
        - biome-provider-extrusion@1.0.0-BETA+73baaec6c
        - biome-provider-image@1.0.0-BETA+73baaec6c
        - biome-provider-image-v2@1.0.0-BETA+73baaec6c
        - biome-provider-pipeline@1.0.1-BETA+73baaec6c
        - biome-provider-pipeline-v2@1.0.0-BETA+73baaec6c
        - biome-provider-single@1.0.0-BETA+73baaec6c
        - biome-query-api@1.0.0-BETA+73baaec6c
        - chunk-generator-noise-3d@1.1.0-BETA+73baaec6c
        - command-addons@1.0.0-BETA+73baaec6c
        - command-packs@1.0.0-BETA+73baaec6c
        - command-profiler@1.0.0-BETA+73baaec6c
        - command-structures@1.0.0-BETA+73baaec6c
        - config-biome@1.0.0-BETA+73baaec6c
        - config-distributors@1.0.0-BETA+73baaec6c
        - config-feature@1.0.0-BETA+73baaec6c
        - config-flora@1.0.0-BETA+73baaec6c
        - config-locators@1.1.0-BETA+73baaec6c
        - config-noise-function@1.0.0-BETA+73baaec6c
        - config-ore@1.0.0-BETA+73baaec6c
        - config-palette@1.0.0-BETA+73baaec6c
        - config-structure@1.0.0-BETA+73baaec6c
        - generation-stage-feature@1.1.0-BETA+73baaec6c
        - generation-stage-structure@1.0.0-BETA+73baaec6c
        - language-yaml@1.0.0-BETA+73baaec6c
        - library-image@1.0.0-BETA+73baaec6c
        - palette-block-shortcut@1.0.0-BETA+73baaec6c
        - pipeline-image@1.0.0-BETA+73baaec6c
        - structure-block-shortcut@1.0.0-BETA+73baaec6c
        - structure-function-check-noise-3d@1.0.0-BETA+73baaec6c
        - structure-mutator@0.1.0-BETA+73baaec6c
        - structure-sponge-loader@1.0.0-BETA+73baaec6c
        - structure-terrascript-loader@1.1.0-BETA+73baaec6c
        - terra@1.0.0
        - terra-bukkit@1.0.0
        - terrascript-function-sampler@1.0.0-BETA+73baaec6c
[14:10:46] [Server thread/WARN]: [com.dfsek.terra.addons.biome.pipeline.BiomePipelineAddon] The biome-provider-pipeline addon is deprecated and scheduled for removal in Terra 7.0. It is recommended to use the biome-provider-pipeline-v2 addon for future pack development instead.
[14:10:46] [Server thread/WARN]: [com.dfsek.terra.addons.biome.image.ImageBiomeProviderAddon] The biome-provider-image addon is deprecated and scheduled for removal in Terra 7.0. It is recommended to use the biome-provider-image-v2 addon for future pack development instead.
[14:10:46] [Server thread/INFO]: [com.dfsek.terra.AbstractPlatform] Terra addons successfully loaded.
[14:10:46] [Server thread/INFO]: [com.dfsek.terra.AbstractPlatform] Finished initialization.
[14:10:47] [Server thread/INFO]: [SpigotLibraryLoader] [BackpackPlus] Loading 4 libraries... please wait
[14:10:47] [Server thread/INFO]: [SpigotLibraryLoader] [BackpackPlus] Loaded library /workspaces/testx/libraries/com/zaxxer/HikariCP/7.0.2/HikariCP-7.0.2.jar
[14:10:47] [Server thread/INFO]: [SpigotLibraryLoader] [BackpackPlus] Loaded library /workspaces/testx/libraries/org/slf4j/slf4j-api/2.0.17/slf4j-api-2.0.17.jar
[14:10:47] [Server thread/INFO]: [SpigotLibraryLoader] [BackpackPlus] Loaded library /workspaces/testx/libraries/com/mysql/mysql-connector-j/9.4.0/mysql-connector-j-9.4.0.jar
[14:10:47] [Server thread/INFO]: [SpigotLibraryLoader] [BackpackPlus] Loaded library /workspaces/testx/libraries/com/google/protobuf/protobuf-java/4.31.1/protobuf-java-4.31.1.jar
[14:10:47] [Server thread/INFO]: [SpigotLibraryLoader] [BackpackPlus] Loaded library /workspaces/testx/libraries/org/xerial/sqlite-jdbc/3.50.3.0/sqlite-jdbc-3.50.3.0.jar
[14:10:47] [Server thread/INFO]: [SpigotLibraryLoader] [BackpackPlus] Loaded library /workspaces/testx/libraries/org/postgresql/postgresql/42.7.7/postgresql-42.7.7.jar
[14:10:47] [Server thread/INFO]: [SpigotLibraryLoader] [BackpackPlus] Loaded library /workspaces/testx/libraries/org/checkerframework/checker-qual/3.49.3/checker-qual-3.49.3.jar
[14:10:47] [Server thread/WARN]: [org.bukkit.craftbukkit.v1_20_R1.legacy.CraftLegacy] Initializing Legacy Material Support. Unless you have legacy plugins and/or data this is a bug!
[14:10:50] [Server thread/WARN]: Legacy plugin BloodEffect v3.0.3 does not specify an api-version.
[14:10:50] [Server thread/INFO]: [PlaceholderAPI] Loading server plugin PlaceholderAPI v2.11.6
[14:10:50] [Server thread/INFO]: [WorldEdit] Loading server plugin WorldEdit v7.3.1+6763-2e55f4f
[14:10:50] [Server thread/INFO]: Got request to register class com.sk89q.worldedit.bukkit.BukkitServerInterface with WorldEdit [com.sk89q.worldedit.extension.platform.PlatformManager@52624fa2]
[14:10:50] [Server thread/INFO]: [ProtocolLib] Loading server plugin ProtocolLib v5.4.0
[14:10:50] [Server thread/INFO]: [ValhallaMMO] Loading server plugin ValhallaMMO vpremium_1.4
[14:10:51] [Server thread/INFO]: [ValhallaMMO] Loading ValhallaMMO config with language en-us selected
[14:10:51] [Server thread/INFO]: [ValhallaMMO] Initialized plugin hook with PlaceholderAPI
[14:10:51] [Server thread/INFO]: [InteractionVisualizer] Loading server plugin InteractionVisualizer v1.18.18.0
[14:10:51] [Server thread/INFO]: [RealisticSeasons] Loading server plugin RealisticSeasons v11.8.2
[14:10:51] [Server thread/INFO]: [ValhallaTrinkets] Loading server plugin ValhallaTrinkets v2.5
[14:10:51] [Server thread/INFO]: [Terra] Loading server plugin Terra v6.3.1-BETA+73baaec6c
[14:10:51] [Server thread/INFO]: [LevelledMobs] Loading server plugin LevelledMobs v4.3.2.1 b125
[14:10:51] [Server thread/INFO]: [LevelledMobs] Loading commands
[14:10:51] [Server thread/INFO]: [LuckPerms] Loading server plugin LuckPerms v5.5.0
[14:10:51] [Server thread/INFO]: [CrashAPI] Loading server plugin CrashAPI v1.1.13
[14:10:51] [Server thread/INFO]: [CrashAPI] Checking Bukkit Version: 1.20.1
[14:10:51] [Server thread/INFO]: [CrashAPI] Bukkit Version 1.20.1 is compatible through NMS!
[14:10:51] [Server thread/INFO]: [CrashAPI] Using API version v1_20_R1.
[14:10:51] [Server thread/INFO]: [CrashAPI] Initializing main configuration...
[14:10:51] [Server thread/INFO]: [CrashAPI] Main configuration initialized!
[14:10:51] [Server thread/INFO]: [CrashAPI] Initializing language configuration...
[14:10:51] [Server thread/INFO]: [CrashAPI] Language configuration initialized!
[14:10:51] [Server thread/INFO]: [VeinMiner] Loading server plugin VeinMiner v2.3.0
[14:10:51] [Server thread/INFO]: [BeaconWaypoints] Loading server plugin BeaconWaypoints v1.7.2
[14:10:51] [Server thread/INFO]: [DoorsReloaded] Loading server plugin DoorsReloaded v1.3.1
[14:10:51] [Server thread/INFO]: [GodItems] Loading server plugin GodItems v3.0.1
[14:10:51] [Server thread/INFO]: [GodItems] Optional dependency WorldGuard not found. WorldGuard related features will not work.
[14:10:51] [Server thread/INFO]: [BookShelf] Loading server plugin Bookshelf v3.1.18.0
[14:10:51] [Server thread/INFO]: [CustomStructures] Loading server plugin CustomStructures v1.9.1
[14:10:51] [Server thread/INFO]: [AttackIndicator] Loading server plugin AttackIndicator v1.6
[14:10:51] [Server thread/INFO]: [BukkitInventoryTweaks] Loading server plugin BukkitInventoryTweaks v1.1.2
[14:10:51] [Server thread/INFO]: [RealScoreboard] Loading server plugin RealScoreboard v1.5.6
[14:10:51] [Server thread/INFO]: [SimpleRTP] Loading server plugin SimpleRTP v5.4
[14:10:51] [Server thread/INFO]: [PhysicsToGo] Loading server plugin PhysicsToGo v2.1.2
[14:10:51] [Server thread/INFO]: [TimeBar] Loading server plugin TimeBar v1.4.5
[14:10:51] [Server thread/INFO]: [Jumpscares] Loading server plugin Jumpscares v1.22.1
[14:10:51] [Server thread/INFO]: [SimpleTpa] Loading server plugin SimpleTpa v7.9
[14:10:51] [Server thread/INFO]: [BackpackPlus] Loading server plugin BackpackPlus v2.0.1
[14:10:51] [Server thread/INFO]: [EnchantsSquared] Loading server plugin EnchantsSquared v2.5.17
[14:10:51] [Server thread/INFO]: [EnchantsSquared] ValhallaMMO hooked! Adding a bunch of cool stuff.
[14:10:51] [Server thread/INFO]: [BloodEffect] Loading server plugin BloodEffect v3.0.3
[14:10:51] [Server thread/INFO]: [spark] Loading server plugin spark v1.10.152
[14:10:51] [Server thread/INFO]: [Hibernate] Loading server plugin Hibernate v2.1.0
[14:10:51] [Server thread/INFO]: [BetterStructures] Loading server plugin BetterStructures v2.0.3
[14:10:51] [Server thread/INFO]: [BetterStructures] MagmaCore v1.13-SNAPSHOT initialized!
[14:10:51] [Server thread/INFO]: [BetterStructures] Registered /logify command
[14:10:51] [Server thread/INFO]: [BetterStructures] WorldGuard is not enabled! WorldGuard is recommended when using the EliteMobs integration.
[14:10:51] [Server thread/INFO]: [PhysicsControl] Loading server plugin PhysicsControl v1.2.2
[14:10:51] [Server thread/INFO]: [HealthBar-Reloaded] Loading server plugin HealthBar-Reloaded v2.0.5-beta
[14:10:51] [Server thread/INFO]: [ValhallaRaces] Loading server plugin ValhallaRaces v2.2
[14:10:51] [Server thread/INFO]: [AFKPlus] Loading server plugin AFKPlus v3.4.9
[14:10:51] [Server thread/INFO]: [EnchantmentSolution] Loading server plugin EnchantmentSolution v2.5.15.2
[14:10:51] [Server thread/INFO]: [EnchantmentSolution] Minecraft Version: 1.20.1
[14:10:51] [Server thread/INFO]: [EnchantmentSolution] Minecraft API Version: v1_20_R1
[14:10:51] [Server thread/INFO]: [EnchantmentSolution] EnchantmentSolution Version: 2.5.15.2
[14:10:51] [Server thread/INFO]: [EnchantmentSolution] Loading Item Break Types...
[14:10:52] [Server thread/INFO]: [EnchantmentSolution] Item Break Types Loaded!
[14:10:52] [Server thread/INFO]: [EnchantmentSolution] Initializing main configuration...
[14:10:52] [Server thread/INFO]: [EnchantmentSolution] Main configuration initialized!
[14:10:52] [Server thread/INFO]: [EnchantmentSolution] Initializing fishing config...
[14:10:52] [Server thread/INFO]: [EnchantmentSolution] Fishing config initialized!
[14:10:52] [Server thread/INFO]: [EnchantmentSolution] Initializing enchantment configuration...
[14:10:52] [Server thread/INFO]: [EnchantmentSolution] Enchantment configuration initialized!
[14:10:52] [Server thread/INFO]: [EnchantmentSolution] Initializing advancements configuration...
[14:10:52] [Server thread/INFO]: [EnchantmentSolution] Advancements configuration initialized!
[14:10:52] [Server thread/INFO]: [EnchantmentSolution] Initializing Hard Mode configuration...
[14:10:52] [Server thread/INFO]: [EnchantmentSolution] Hard Mode configuration initialized!
[14:10:52] [Server thread/INFO]: [EnchantmentSolution] Initializing language configuration...
[14:10:52] [Server thread/INFO]: [EnchantmentSolution] Language configuration initialized!
[14:10:52] [Server thread/INFO]: [EnchantmentSolution] Initializing enchantments...
[14:10:52] [Server thread/INFO]: [EnchantmentSolution] All enchantments initialized!
[14:10:52] [Server thread/INFO]: [superleashes] Loading server plugin superleashes v1.0.6
[14:10:52] [Server thread/INFO]: [ChestSort] Loading server plugin ChestSort v14.2.0
[14:10:52] [Server thread/INFO]: [hardcore-hearts] Loading server plugin hardcore-hearts v1.1.7
[14:10:52] [Server thread/INFO]: [SkinsRestorer] Loading server plugin SkinsRestorer v15.8.2
[14:10:52] [Server thread/INFO]: [TabList] Loading server plugin TabList v5.7.7
[14:10:52] [Server thread/INFO]: [LumberJack] Loading server plugin LumberJack v5.4.0
[14:10:52] [Server thread/INFO]: Server permissions file permissions.yml is empty, ignoring it
[14:10:52] [Server thread/INFO]: [WorldEdit] Enabling WorldEdit v7.3.1+6763-2e55f4f
[14:10:52] [Server thread/INFO]: Registering commands with com.sk89q.worldedit.bukkit.BukkitServerInterface
[14:10:52] [Server thread/INFO]: WEPIF: Using the Bukkit Permissions API.
[14:10:52] [Server thread/INFO]: Using com.sk89q.worldedit.bukkit.adapter.impl.v1_20_R1.PaperweightAdapter as the Bukkit adapter
[14:10:53] [Server thread/INFO]: [ProtocolLib] Enabling ProtocolLib v5.4.0
[14:10:53] [Server thread/INFO]: [Terra] Enabling Terra v6.3.1-BETA+73baaec6c
[14:10:53] [Server thread/INFO]: [com.dfsek.terra.bukkit.TerraBukkitPlugin] Running on Minecraft version v1.20.1 with server implementation Paper.
[14:10:53] [Server thread/INFO]: [com.dfsek.terra.AbstractPlatform] Loading config packs...
[14:10:53] [Server thread/INFO]: [com.dfsek.terra.registry.master.ConfigRegistry] Loading ZIP archive: default.zip
[14:10:54] [Server thread/INFO]: [com.dfsek.terra.config.pack.ConfigPackImpl] Loading config pack "OVERWORLD:OVERWORLD"
[14:10:56] [Server thread/INFO]: [com.dfsek.terra.config.pack.ConfigPackImpl] Loaded config pack "OVERWORLD:OVERWORLD" v1.3.3 by Astrash, Sancires, Aureus in 2598.514682ms.
[14:10:56] [Server thread/INFO]: [com.dfsek.terra.AbstractPlatform] Loaded packs.
[14:10:56] [Server thread/INFO]: [com.dfsek.terra.bukkit.nms.v1_20_R1.AwfulBukkitHacks] Hacking biome registry...
[14:10:56] [Server thread/INFO]: [com.dfsek.terra.bukkit.nms.v1_20_R1.AwfulBukkitHacks] Doing tag garbage....
[14:10:56] [Server thread/INFO]: [LuckPerms] Enabling LuckPerms v5.5.0
[14:10:57] [Server thread/INFO]:         __    
[14:10:57] [Server thread/INFO]:   |    |__)   LuckPerms v5.5.0
[14:10:57] [Server thread/INFO]:   |___ |      Running on Bukkit - Paper
[14:10:57] [Server thread/INFO]: 
[14:10:57] [Server thread/INFO]: [LuckPerms] Loading configuration...
[14:10:57] [Server thread/INFO]: [LuckPerms] Loading storage provider... [H2]
[14:10:58] [Server thread/INFO]: [LuckPerms] Loading internal permission managers...
[14:10:58] [Server thread/INFO]: [LuckPerms] Performing initial data load...
[14:10:58] [Server thread/INFO]: [LuckPerms] Successfully enabled. (took 1791ms)
[14:10:58] [Server thread/INFO]: [SkinsRestorer] Enabling SkinsRestorer v15.8.2
[14:10:59] [Server thread/INFO]: [SkinsRestorer] Running on Minecraft 1.20.1.
[14:10:59] [Server thread/INFO]: [SkinsRestorer] Using paper join listener!
[14:10:59] [Server thread/INFO]: [PlaceholderAPI] Successfully registered internal expansion: skinsrestorer [15.8.2]
[14:10:59] [Server thread/INFO]: [SkinsRestorer] PlaceholderAPI expansion registered!
[14:10:59] [Server thread/WARN]: **** SERVER IS RUNNING IN OFFLINE/INSECURE MODE!
[14:10:59] [Server thread/WARN]: The server will make no attempt to authenticate usernames. Beware.
[14:10:59] [Server thread/WARN]: While this makes the game possible to play without internet access, it also opens up the ability for hackers to connect with any username they choose.
[14:10:59] [Server thread/WARN]: To change this, set "online-mode" to "true" in the server.properties file.
[14:10:59] [Server thread/INFO]: Preparing level "world"
[14:10:59] [Folia Async Scheduler Thread #1/INFO]: [SkinsRestorer] ----------------------------------------------
[14:10:59] [Folia Async Scheduler Thread #1/INFO]: [SkinsRestorer]     +==================+
[14:10:59] [Folia Async Scheduler Thread #1/INFO]: [SkinsRestorer]     |   SkinsRestorer  |
[14:10:59] [Folia Async Scheduler Thread #1/INFO]: [SkinsRestorer]     |------------------|
[14:10:59] [Folia Async Scheduler Thread #1/INFO]: [SkinsRestorer]     |  Standalone Mode |
[14:10:59] [Folia Async Scheduler Thread #1/INFO]: [SkinsRestorer]     +==================+
[14:10:59] [Folia Async Scheduler Thread #1/INFO]: [SkinsRestorer] ----------------------------------------------
[14:10:59] [Folia Async Scheduler Thread #1/INFO]: [SkinsRestorer]     Version: 15.8.2
[14:10:59] [Folia Async Scheduler Thread #1/INFO]: [SkinsRestorer]     Commit: cf773a3
[14:10:59] [Folia Async Scheduler Thread #1/INFO]: [SkinsRestorer]     This is the latest version!
[14:10:59] [Folia Async Scheduler Thread #1/INFO]: [SkinsRestorer] ----------------------------------------------
[14:10:59] [Folia Async Scheduler Thread #1/INFO]: [SkinsRestorer] Do you have issues? Read our troubleshooting guide: https://skinsrestorer.net/docs/troubleshooting
[14:10:59] [Folia Async Scheduler Thread #1/INFO]: [SkinsRestorer] Want to support SkinsRestorer? Consider donating: https://skinsrestorer.net/donate
[14:11:00] [Server thread/INFO]: [com.dfsek.terra.bukkit.nms.v1_20_R1.NMSInjectListener] Preparing to take over the world: world
[14:11:00] [Server thread/INFO]: [com.dfsek.terra.bukkit.nms.v1_20_R1.NMSInjectListener] Successfully injected into world.
[14:11:00] [Server thread/INFO]: Preparing start region for dimension minecraft:overworld
[14:11:01] [Server thread/INFO]: Time elapsed: 339 ms
[14:11:01] [Server thread/INFO]: Preparing start region for dimension minecraft:the_nether
[14:11:01] [Server thread/INFO]: Time elapsed: 64 ms
[14:11:01] [Server thread/INFO]: Preparing start region for dimension minecraft:the_end
[14:11:01] [Server thread/INFO]: Time elapsed: 82 ms
[14:11:01] [Server thread/INFO]: [PlaceholderAPI] Enabling PlaceholderAPI v2.11.6
[14:11:01] [Server thread/INFO]: [PlaceholderAPI] Fetching available expansion information...
[14:11:01] [Server thread/INFO]: [ValhallaMMO] Enabling ValhallaMMO vpremium_1.4
[14:11:01] [Server thread/INFO]: [ValhallaMMO] NMS version NMS_v1_20_R1 registered!
[14:11:01] [Server thread/INFO]: [ValhallaMMO] Resource pack hosting not established! Use /val resourcepack setup if you want ValhallaMMO's resource pack hosted for you
[14:11:01] [Server thread/WARN]: [ValhallaMMO] No valid host for the resource pack configured! You may ignore this warning if you've not set up the resource pack.
[14:11:01] [Server thread/INFO]: [ValhallaMMO] MiniMessage support initialized
[14:11:01] [Server thread/INFO]: [ValhallaMMO] SQLite connection created! Deleting this file will reset everyone's progress, so back this file up or ignore it in case you want to delete/reset the configs.
[14:11:01] [Server thread/INFO]: [ValhallaMMO] SQLite connection created! Deleting this file will reset all custom merchant trades and reputation data.
[14:11:04] [Server thread/WARN]: [ValhallaMMO] The following materials in skills/farming_progression.yml do not exist, no exp values set (ignore warning if your version does not have these materials)
[14:11:04] [Server thread/WARN]: [ValhallaMMO] OPEN_EYEBLOSSOM, CLOSED_EYEBLOSSOM
[14:11:04] [Server thread/WARN]: [ValhallaMMO] The following entities in skills/farming_progression.yml do not exist, no exp values set (ignore warning if your version does not have these entities)
[14:11:04] [Server thread/WARN]: [ValhallaMMO] MOOSHROOM
[14:11:06] [Server thread/WARN]: [ValhallaMMO] The following materials in skills/woodcutting_progression.yml do not exist, no exp values set (ignore warning if your version does not have these materials)
[14:11:06] [Server thread/WARN]: [ValhallaMMO] PALE_OAK_LOG, PALE_OAK_WOOD, STRIPPED_PALE_OAK_LOG, STRIPPED_PALE_OAK_WOOD
[14:11:07] [Server thread/INFO]: [ValhallaMMO] Loading brewing recipes from plugins/ValhallaMMO/recipes/brewing_recipes.json
[14:11:07] [Server thread/INFO]: [ValhallaMMO] Loading crafting grid recipes from plugins/ValhallaMMO/recipes/grid_recipes.json
[14:11:07] [Server thread/INFO]: [ValhallaMMO] Loading smithing recipes from plugins/ValhallaMMO/recipes/smithing_recipes.json
[14:11:07] [Server thread/INFO]: [ValhallaMMO] Loading immersive recipes from plugins/ValhallaMMO/recipes/immersive_recipes.json
[14:11:07] [Server thread/INFO]: [ValhallaMMO] Loading cauldron recipes from plugins/ValhallaMMO/recipes/cauldron_recipes.json
[14:11:07] [Server thread/INFO]: [ValhallaMMO] Loading cooking recipes from plugins/ValhallaMMO/recipes/cooking_recipes.json
[14:11:08] [Server thread/INFO]: [PlaceholderAPI] Successfully registered internal expansion: valhallammo [premium_1.4]
[14:11:08] [Server thread/INFO]: [InteractionVisualizer] Enabling InteractionVisualizer v1.18.18.0
[14:11:11] [Server thread/INFO]: [InteractionVisualizer] Opened Sqlite database successfully
[14:11:12] [Server thread/INFO]: [PlaceholderAPI] Successfully registered internal expansion: interactionvisualizer [2.0.0]
[14:11:12] [Server thread/INFO]: [InteractionVisualizer] InteractionVisualizer has been enabled!
[14:11:12] [Server thread/INFO]: [RealisticSeasons] Enabling RealisticSeasons v11.8.2
[14:11:12] [Server thread/INFO]: [ValhallaTrinkets] Enabling ValhallaTrinkets v2.5
[14:11:12] [Server thread/WARN]: filler item type NONE_GRAY_STAINED_GLASS_PANE is not valid
[14:11:12] [Server thread/INFO]: [ValhallaTrinkets] ValhallaMMO hooked! Adding a bunch of cool stuff. Use /val setuptrinkets to load in its custom recipes
[14:11:12] [Server thread/INFO]: [LevelledMobs] Enabling LevelledMobs v4.3.2.1 b125
[14:11:12] [Server thread/INFO]: [LevelledMobs] Enabling commands
[14:11:12] [Server thread/INFO]: [LevelledMobs] Building reflection cache, use simple names: false
[14:11:12] [Server thread/INFO]: [LevelledMobs] Using NMS version v1_20_R1 for nametag support
[14:11:12] [Server thread/INFO]: [LevelledMobs] File Loader: Loading files...
[14:11:12] [Server thread/INFO]: [LevelledMobs] File Loader: Loading file 'settings.yml'...
[14:11:12] [Server thread/INFO]: [LevelledMobs] File Loader: Loading file 'messages.yml'...
[14:11:12] [Server thread/INFO]: [LevelledMobs] File Loader: Loading file 'externalplugins.yml'...
[14:11:12] [Server thread/INFO]: [LevelledMobs] File Loader: Loading file 'rules.yml'...
[14:11:12] [Server thread/INFO]: [LevelledMobs] Current rules hash: 9b0f48e3273bb9cc29d2891ad33fb3410fec8cf1e77c2092ff670fd38f6d4ff5
[14:11:12] [Server thread/INFO]: [LevelledMobs] File Loader: Loading file 'customdrops.yml'...
[14:11:12] [Server thread/INFO]: [LevelledMobs] Listeners: Registering event listeners...
[14:11:12] [Server thread/INFO]: [PlaceholderAPI] Successfully registered internal expansion: LevelledMobs [4.3.2.1 b125]
[14:11:12] [Server thread/INFO]: [LevelledMobs] Running misc procedures
[14:11:12] [Server thread/INFO]: [LevelledMobs] Tasks: Starting async nametag auto update task...
[14:11:12] [Server thread/INFO]: [LevelledMobs] Start-up complete (took 292ms)
[14:11:12] [Server thread/INFO]: [CrashAPI] Enabling CrashAPI v1.1.13
[14:11:12] [Server thread/INFO]: [VeinMiner] Enabling VeinMiner v2.3.0
[14:11:12] [Server thread/INFO]: [VeinMiner] Using "sqlite" for persistent data storage.
[14:11:12] [Server thread/INFO]: [VeinMiner] Loading configuration options to local memory
[14:11:12] [Server thread/WARN]: [VeinMiner] No such block with key "minecraft:short_grass"
[14:11:12] [Server thread/WARN]: [VeinMiner] No such block with key "minecraft:pale_oak_log"
[14:11:12] [Server thread/WARN]: [VeinMiner] No such block with key "minecraft:pale_oak_wood"
[14:11:12] [Server thread/INFO]: [VeinMiner] Added 13 aliases.
[14:11:12] [Server thread/WARN]: [VeinMiner] No such block with key "minecraft:pale_oak_log"
[14:11:12] [Server thread/WARN]: [VeinMiner] No such block with key "minecraft:pale_oak_wood"
[14:11:12] [Server thread/INFO]: [VeinMiner] Registered category with id "Axe" holding 6 unique items and 26 unique blocks.
[14:11:12] [Server thread/WARN]: [VeinMiner] No such block with key "minecraft:pale_moss_block"
[14:11:12] [Server thread/WARN]: [VeinMiner] No such block with key "minecraft:pale_moss_carpet"
[14:11:12] [Server thread/INFO]: [VeinMiner] Registered category with id "Hoe" holding 6 unique items and 10 unique blocks.
[14:11:12] [Server thread/INFO]: [VeinMiner] Registered category with id "Pickaxe" holding 6 unique items and 14 unique blocks.
[14:11:12] [Server thread/INFO]: [VeinMiner] Registered category with id "Shears" holding 1 unique items and 4 unique blocks.
[14:11:12] [Server thread/INFO]: [VeinMiner] Registered category with id "Shovel" holding 6 unique items and 10 unique blocks.
[14:11:12] [Server thread/WARN]: [VeinMiner] No block list configured for category with id "Hand"! Is this intentional?
[14:11:12] [Server thread/INFO]: [VeinMiner] Registered category with id "Hand" holding 0 unique items and 0 unique blocks.
[14:11:13] [Server thread/INFO]: [VeinMiner] Performing an update check!
[14:11:13] [Server thread/INFO]: [VeinMiner] Registering commands
[14:11:13] [Server thread/INFO]: [VeinMiner] Registering events
[14:11:13] [Server thread/INFO]: [PlaceholderAPI] Successfully registered internal expansion: veinminer [2.3.0]
[14:11:13] [Server thread/INFO]: [VeinMiner] Vault not found. Economy support suspended
[14:11:13] [Server thread/INFO]: [VeinMiner] Enabling Plugin Metrics
[14:11:13] [Server thread/INFO]: [VeinMiner] Thanks for enabling Metrics! The anonymous stats are appreciated
[14:11:13] [Server thread/INFO]: [BeaconWaypoints] Enabling BeaconWaypoints v1.7.2
[14:11:13] [Server thread/INFO]: [BeaconWaypoints] Loading module for version 1.20.1-R0.1-SNAPSHOT
[14:11:13] [Server thread/WARN]: [BeaconWaypoints] EssentialsX is not installed, ignoring Essentials money cost for teleporting.
[14:11:13] [Server thread/INFO]: [DoorsReloaded] Enabling DoorsReloaded v1.3.1
[14:11:13] [Server thread/INFO]: [GodItems] Enabling GodItems v3.0.1
[14:11:13] [Server thread/INFO]: [GodItems] Made by MitromniZ and Cros_bow
[14:11:13] [Server thread/INFO]: [GodItems] The texture pack is only available if you download the plugin from our patreon page
[14:11:13] [ForkJoinPool.commonPool-worker-3/INFO]: [VeinMiner] You are on the latest version of VeinMiner!
[14:11:13] [Server thread/INFO]: [BookShelf] Enabling Bookshelf v3.1.18.0
[14:11:13] [Server thread/INFO]: [Bookshelf] Hooked into InteractionVisualizer!
[14:11:13] [Server thread/INFO]: [Bookshelf] Preparing bookshelves in spawn chunks in world: 100%
[14:11:16] [Server thread/INFO]: [Bookshelf] Preparing bookshelves in spawn chunks in world_nether: 100%
[14:11:16] [Server thread/INFO]: [Bookshelf] Preparing bookshelves in spawn chunks in world_the_end: 100%
[14:11:16] [Server thread/INFO]: [Bookshelf] BookShelf has been Enabled!
[14:11:16] [Server thread/INFO]: [CustomStructures] Enabling CustomStructures v1.9.1
[14:11:16] [Server thread/INFO]: [CustomStructures] Placeholder API found, placeholders supported.
[14:11:16] [Server thread/INFO]: [CustomStructures] Bstat metrics for this plugin is enabled. Disable it in the config if you do not want it on.
[14:11:16] [Server thread/INFO]: [AttackIndicator] Enabling AttackIndicator v1.6
[14:11:16] [Server thread/INFO]: [BukkitInventoryTweaks] Enabling BukkitInventoryTweaks v1.1.2
[14:11:16] [Server thread/INFO]: [BukkitInventoryTweaks] Thanks for using bstats, it was enabled!
[14:11:16] [Server thread/INFO]: [BukkitInventoryTweaks] Loading ItemGroups!
[14:11:16] [Server thread/INFO]: [BukkitInventoryTweaks] Plugin is now enabled!
[14:11:16] [Server thread/INFO]: [RealScoreboard] Enabling RealScoreboard v1.5.6
[14:11:16] [Server thread/INFO]: [RealScoreboard]    ____            _ ____                     _                         _
[14:11:16] [Server thread/INFO]: [RealScoreboard]   |  _ \ ___  __ _| / ___|  ___ ___  _ __ ___| |__   ___   __ _ _ __ __| |
[14:11:16] [Server thread/INFO]: [RealScoreboard]   | |_) / _ \/ _` | \___ \ / __/ _ \| '__/ _ \ '_ \ / _ \ / _` | '__/ _` |
[14:11:16] [Server thread/INFO]: [RealScoreboard]   |  _ <  __/ (_| | |___) | (_| (_) | | |  __/ |_) | (_) | (_| | | | (_| |
[14:11:16] [Server thread/INFO]: [RealScoreboard]   |_| \_\___|\__,_|_|____/ \___\___/|_|  \___|_.__/ \___/ \__,_|_|  \__,_|
[14:11:16] [Server thread/INFO]: [RealScoreboard]   Made by: JoseGamer_PT 		                      Version: 1.5.6
[14:11:16] [Server thread/INFO]: [RealScoreboard] 
[14:11:16] [Server thread/INFO]: [RealScoreboard] Loaded 2 conditions.
[14:11:17] [Server thread/INFO]: [RealScoreboard] Loaded 1 scoreboards.
[14:11:17] [Server thread/WARN]: [RealScoreboard] Vault is not installed on the server.
[14:11:17] [Server thread/INFO]: [RealScoreboard] Server version: 1.20.1-R0.1-SNAPSHOT
[14:11:17] [Server thread/INFO]: [RealScoreboard] Finished loading in 0.185 seconds.
[14:11:17] [Server thread/INFO]: [RealScoreboard] <------------------ RealScoreboard v1.5.6 ------------------>
[14:11:17] [Server thread/INFO]: [SimpleRTP] Enabling SimpleRTP v5.4
[14:11:17] [Server thread/INFO]: [PhysicsToGo] Enabling PhysicsToGo v2.1.2
[14:11:17] [Server thread/INFO]: [PhysicsToGo] Everything inside the configuration seems to be up to date. (Took 1ms)
[14:11:17] [Server thread/INFO]: [TimeBar] Enabling TimeBar v1.4.5
[14:11:17] [Server thread/INFO]: [TimeBar] PlaceholderAPI is detected! Enabling support.
[14:11:17] [Server thread/INFO]: [PlaceholderAPI] Successfully registered internal expansion: timebar [1.4.5]
[14:11:17] [Server thread/INFO]: [TimeBar] Successfully registered placeholders!
[14:11:17] [Server thread/INFO]: [TimeBar] RealisticSeasons is detected! Enabling support.
[14:11:17] [Server thread/WARN]: [TimeBar] world2 is not a valid world, skipping. If it is a valid world, wait for your server to load then try '/timebar reload'
[14:11:17] [Server thread/INFO]: [TimeBar] Starting time tracker for 'world' (RealisticSeasons support)
[14:11:17] [Server thread/INFO]: [TimeBar] Display worlds: [world, world_nether, world_the_end]
[14:11:17] [Server thread/INFO]: [Jumpscares] Enabling Jumpscares v1.22.1
[14:11:17] [Server thread/INFO]: [Jumpscares] PlaceholderAPI support enabled! Use %jumpscares_scares_count% to get how many times a player was scared.
[14:11:17] [Server thread/INFO]: [Jumpscares] PlaceholderAPI support enabled! Use %jumpscares_fear_got% to get how many fear a player got by screamers.
[14:11:17] [Server thread/INFO]: [Jumpscares] PlaceholderAPI support enabled! Use %jumpscares_screamers_status% to get screamers enabled status.
[14:11:17] [Server thread/INFO]: [PlaceholderAPI] Successfully registered internal expansion: jumpscares [1.22.1]
[14:11:17] [Server thread/INFO]: [SimpleTpa] Enabling SimpleTpa v7.9
[14:11:17] [Server thread/INFO]: [SimpleTpa] If you need support contact me at https://discord.gg/SZUkza9
[14:11:17] [Server thread/INFO]: [SimpleTpa] Simple Tpa has been enabled on version 7.9
[14:11:17] [Server thread/INFO]: Enabled metrics. You may opt-out by changing plugins/bStats/config.yml
[14:11:17] [Server thread/INFO]: [PlaceholderAPI] Successfully registered internal expansion: SimpleTpa [7.9]
[14:11:17] [Server thread/INFO]: [BackpackPlus] Enabling BackpackPlus v2.0.1
[14:11:17] [Server thread/INFO]: [BackpackPlus] [Pack] No update needed; current readme is up to date.
[14:11:17] [Server thread/WARN]: [BackpackPlus] Invalid InventoryType: CRAFTER in blocked-containers
[14:11:17] [Server thread/INFO]: [BackpackPlus] [Settings] Configuration loaded successfully. No missing fields detected.
[14:11:17] [Server thread/INFO]: [BackpackPlus] [Database] Configuration loaded successfully. No missing fields detected.
[14:11:17] [Server thread/INFO]: [BackpackPlus] [Database] SQLite Successfully connected to database
[14:11:17] [Server thread/INFO]: [BackpackPlus] Tables and indexes created successfully.
[14:11:17] [Server thread/INFO]: [BackpackPlus] Language used: eng
[14:11:17] [Server thread/INFO]: [BackpackPlus] Plugin initialized successfully.
[14:11:17] [Server thread/INFO]: [EnchantsSquared] Enabling EnchantsSquared v2.5.17
[14:11:17] [Server thread/INFO]: ValhallaMMO enchantments loaded in! 5 were registered.
[14:11:17] [Server thread/INFO]: [BloodEffect] Enabling BloodEffect v3.0.3*
[14:11:17] [Server thread/INFO]: [Blood Effects Reborn] The plugin has been successfully loaded!
[14:11:17] [Server thread/INFO]: [spark] Enabling spark v1.10.152
[14:11:17] [Server thread/INFO]: [spark] Using Paper ServerTickStartEvent for tick monitoring
[14:11:17] [Server thread/INFO]: [spark] Starting background profiler...
[14:11:18] [Server thread/INFO]: [PlaceholderAPI] Successfully registered internal expansion: spark [1.10.152]
[14:11:18] [Server thread/INFO]: [spark] Registered PlaceholderAPI placeholders
[14:11:18] [Server thread/INFO]: [Hibernate] Enabling Hibernate v2.1.0
[14:11:18] [Server thread/INFO]: [BetterStructures] Enabling BetterStructures v2.0.3
[14:11:18] [Server thread/INFO]:     ____       __  __            _____ __                  __                      
[14:11:18] [Server thread/INFO]:    / __ )___  / /_/ /____  _____/ ___// /________  _______/ /___  __________  _____
[14:11:18] [Server thread/INFO]:   / __  / _ \/ __/ __/ _ \/ ___/\__ \/ __/ ___/ / / / ___/ __/ / / / ___/ _ \/ ___/
[14:11:18] [Server thread/INFO]:  / /_/ /  __/ /_/ /_/  __/ /   ___/ / /_/ /  / /_/ / /__/ /_/ /_/ / /  /  __(__  ) 
[14:11:18] [Server thread/INFO]: /_____/\___/\__/\__/\___/_/   /____/\__/_/   \__,_/\___/\__/\__,_/_/   \___/____/
[14:11:18] [Server thread/INFO]: [BetterStructures] Initialized version 2.0.3!
[14:11:18] [Server thread/INFO]: [BetterStructures] Supported server version detected: v1_20_R1
[14:11:18] [Server thread/INFO]: [org.reflections.Reflections] Reflections took 40 ms to scan 1 urls, producing 1 keys and 5 values
[14:11:18] [Server thread/INFO]: [org.reflections.Reflections] Reflections took 76 ms to scan 1 urls, producing 1 keys and 29 values
[14:11:18] [Server thread/INFO]: [org.reflections.Reflections] Reflections took 5 ms to scan 1 urls, producing 1 keys and 1 values
[14:11:18] [Server thread/INFO]: [org.reflections.Reflections] Reflections took 41 ms to scan 116 urls, producing 0 keys and 0 values
[14:11:19] [Server thread/WARN]: Schematic was made in a newer Minecraft version (3955 > 3465). Data may be incompatible.
[14:11:21] [Server thread/WARN]: Schematic was made in a newer Minecraft version (3953 > 3465). Data may be incompatible.
[14:11:21] [Server thread/WARN]: Invalid BlockState in palette: minecraft:short_grass=LinIntTag[9]. Block will be replaced with air.
[14:11:21] [Server thread/WARN]: Schematic was made in a newer Minecraft version (3953 > 3465). Data may be incompatible.
[14:11:21] [Server thread/WARN]: Schematic was made in a newer Minecraft version (3953 > 3465). Data may be incompatible.
[14:11:21] [Server thread/WARN]: Schematic was made in a newer Minecraft version (3953 > 3465). Data may be incompatible.
[14:11:21] [Server thread/WARN]: Schematic was made in a newer Minecraft version (3953 > 3465). Data may be incompatible.
[14:11:21] [Server thread/WARN]: Schematic was made in a newer Minecraft version (3953 > 3465). Data may be incompatible.
[14:11:21] [Server thread/WARN]: Schematic was made in a newer Minecraft version (3953 > 3465). Data may be incompatible.
[14:11:21] [Server thread/WARN]: Schematic was made in a newer Minecraft version (3953 > 3465). Data may be incompatible.
[14:11:21] [Server thread/WARN]: Schematic was made in a newer Minecraft version (3953 > 3465). Data may be incompatible.
[14:11:21] [Server thread/WARN]: Schematic was made in a newer Minecraft version (3953 > 3465). Data may be incompatible.
[14:11:21] [Server thread/WARN]: Schematic was made in a newer Minecraft version (3953 > 3465). Data may be incompatible.
[14:11:21] [Server thread/WARN]: Schematic was made in a newer Minecraft version (3953 > 3465). Data may be incompatible.
[14:11:21] [Server thread/WARN]: Schematic was made in a newer Minecraft version (3955 > 3465). Data may be incompatible.
[14:11:21] [Server thread/WARN]: Invalid BlockState in palette: minecraft:short_grass=LinIntTag[9]. Block will be replaced with air.
[14:11:21] [Server thread/WARN]: Schematic was made in a newer Minecraft version (3953 > 3465). Data may be incompatible.
[14:11:21] [Server thread/WARN]: Schematic was made in a newer Minecraft version (3953 > 3465). Data may be incompatible.
[14:11:21] [Server thread/WARN]: Invalid BlockState in palette: minecraft:short_grass=LinIntTag[11]. Block will be replaced with air.
[14:11:21] [Server thread/WARN]: Schematic was made in a newer Minecraft version (3953 > 3465). Data may be incompatible.
[14:11:22] [Server thread/WARN]: Schematic was made in a newer Minecraft version (3953 > 3465). Data may be incompatible.
[14:11:22] [Server thread/WARN]: Invalid BlockState in palette: minecraft:short_grass=LinIntTag[12]. Block will be replaced with air.
[14:11:22] [Server thread/WARN]: Schematic was made in a newer Minecraft version (3953 > 3465). Data may be incompatible.
[14:11:22] [Server thread/WARN]: Schematic was made in a newer Minecraft version (3953 > 3465). Data may be incompatible.
[14:11:22] [Server thread/WARN]: Schematic was made in a newer Minecraft version (3953 > 3465). Data may be incompatible.
[14:11:22] [Server thread/WARN]: Invalid BlockState in palette: minecraft:short_grass=LinIntTag[16]. Block will be replaced with air.
[14:11:22] [Server thread/WARN]: Schematic was made in a newer Minecraft version (3953 > 3465). Data may be incompatible.
[14:11:22] [Server thread/WARN]: Schematic was made in a newer Minecraft version (3953 > 3465). Data may be incompatible.
[14:11:22] [Server thread/WARN]: Schematic was made in a newer Minecraft version (3953 > 3465). Data may be incompatible.
[14:11:22] [Server thread/WARN]: Invalid BlockState in palette: minecraft:short_grass=LinIntTag[8]. Block will be replaced with air.
[14:11:22] [Server thread/WARN]: Schematic was made in a newer Minecraft version (3953 > 3465). Data may be incompatible.
[14:11:22] [Server thread/WARN]: Schematic was made in a newer Minecraft version (3953 > 3465). Data may be incompatible.
[14:11:22] [Server thread/WARN]: Schematic was made in a newer Minecraft version (3953 > 3465). Data may be incompatible.
[14:11:22] [Server thread/WARN]: Schematic was made in a newer Minecraft version (3953 > 3465). Data may be incompatible.
[14:11:22] [Server thread/WARN]: Schematic was made in a newer Minecraft version (3953 > 3465). Data may be incompatible.
[14:11:22] [Server thread/WARN]: Schematic was made in a newer Minecraft version (3953 > 3465). Data may be incompatible.
[14:11:22] [Server thread/WARN]: Invalid BlockState in palette: minecraft:short_grass=LinIntTag[10]. Block will be replaced with air.
[14:11:22] [Server thread/WARN]: Schematic was made in a newer Minecraft version (3953 > 3465). Data may be incompatible.
[14:11:22] [Server thread/WARN]: Invalid BlockState in palette: minecraft:short_grass=LinIntTag[8]. Block will be replaced with air.
[14:11:22] [Server thread/WARN]: Schematic was made in a newer Minecraft version (3953 > 3465). Data may be incompatible.
[14:11:22] [Server thread/WARN]: Schematic was made in a newer Minecraft version (3953 > 3465). Data may be incompatible.
[14:11:22] [Server thread/WARN]: Invalid BlockState in palette: minecraft:short_grass=LinIntTag[20]. Block will be replaced with air.
[14:11:22] [Server thread/WARN]: Schematic was made in a newer Minecraft version (3953 > 3465). Data may be incompatible.
[14:11:22] [Server thread/WARN]: Schematic was made in a newer Minecraft version (3953 > 3465). Data may be incompatible.
[14:11:22] [Server thread/WARN]: Invalid BlockState in palette: minecraft:chiseled_tuff_bricks=LinIntTag[25]. Block will be replaced with air.
[14:11:22] [Server thread/WARN]: Schematic was made in a newer Minecraft version (3953 > 3465). Data may be incompatible.
[14:11:22] [Server thread/WARN]: Schematic was made in a newer Minecraft version (3953 > 3465). Data may be incompatible.
[14:11:22] [Server thread/WARN]: Invalid BlockState in palette: minecraft:short_grass=LinIntTag[7]. Block will be replaced with air.
[14:11:22] [Server thread/WARN]: Schematic was made in a newer Minecraft version (3953 > 3465). Data may be incompatible.
[14:11:22] [Server thread/WARN]: Invalid BlockState in palette: minecraft:short_grass=LinIntTag[8]. Block will be replaced with air.
[14:11:22] [Server thread/WARN]: Schematic was made in a newer Minecraft version (3953 > 3465). Data may be incompatible.
[14:11:22] [Server thread/WARN]: Schematic was made in a newer Minecraft version (3953 > 3465). Data may be incompatible.
[14:11:22] [Server thread/WARN]: Schematic was made in a newer Minecraft version (3953 > 3465). Data may be incompatible.
[14:11:22] [Server thread/WARN]: Invalid BlockState in palette: minecraft:short_grass=LinIntTag[10]. Block will be replaced with air.
[14:11:22] [Server thread/WARN]: Schematic was made in a newer Minecraft version (3953 > 3465). Data may be incompatible.
[14:11:22] [Server thread/WARN]: Invalid BlockState in palette: minecraft:short_grass=LinIntTag[9]. Block will be replaced with air.
[14:11:22] [Server thread/WARN]: Schematic was made in a newer Minecraft version (3953 > 3465). Data may be incompatible.
[14:11:22] [Server thread/WARN]: Schematic was made in a newer Minecraft version (3953 > 3465). Data may be incompatible.
[14:11:22] [Server thread/WARN]: Invalid BlockState in palette: minecraft:short_grass=LinIntTag[7]. Block will be replaced with air.
[14:11:22] [Server thread/WARN]: Invalid BlockState in palette: minecraft:chiseled_tuff_bricks=LinIntTag[34]. Block will be replaced with air.
[14:11:22] [Server thread/WARN]: Schematic was made in a newer Minecraft version (3953 > 3465). Data may be incompatible.
[14:11:22] [Server thread/WARN]: Invalid BlockState in palette: minecraft:short_grass=LinIntTag[10]. Block will be replaced with air.
[14:11:22] [Server thread/WARN]: Schematic was made in a newer Minecraft version (3953 > 3465). Data may be incompatible.
[14:11:22] [Server thread/WARN]: Schematic was made in a newer Minecraft version (3953 > 3465). Data may be incompatible.
[14:11:22] [Server thread/WARN]: Schematic was made in a newer Minecraft version (3953 > 3465). Data may be incompatible.
[14:11:22] [Server thread/WARN]: Schematic was made in a newer Minecraft version (3953 > 3465). Data may be incompatible.
[14:11:22] [Server thread/WARN]: Invalid BlockState in palette: minecraft:short_grass=LinIntTag[17]. Block will be replaced with air.
[14:11:22] [Server thread/WARN]: Schematic was made in a newer Minecraft version (3953 > 3465). Data may be incompatible.
[14:11:22] [Server thread/WARN]: Invalid BlockState in palette: minecraft:short_grass=LinIntTag[16]. Block will be replaced with air.
[14:11:24] [Server thread/WARN]: [BetterStructures] betterstructures_em_premium_church_end.yml uses EliteMobs bosses but you do not have EliteMobs installed! BetterStructures does not require EliteMobs to work, but if you want cool EliteMobs boss fights you will have to install EliteMobs here: https://nightbreak.io/plugin/elitemobs/
[14:11:24] [Server thread/WARN]: [BetterStructures] Since EliteMobs is not installed, betterstructures_em_premium_church_end.yml will not be used.
[14:11:24] [Server thread/WARN]: [BetterStructures] betterstructures_em_premium_tower_tundra.yml uses EliteMobs bosses but you do not have EliteMobs installed! BetterStructures does not require EliteMobs to work, but if you want cool EliteMobs boss fights you will have to install EliteMobs here: https://nightbreak.io/plugin/elitemobs/
[14:11:24] [Server thread/WARN]: [BetterStructures] Since EliteMobs is not installed, betterstructures_em_premium_tower_tundra.yml will not be used.
[14:11:24] [Server thread/WARN]: [BetterStructures] betterstructures_em_premium_floatingisland_end.yml uses EliteMobs bosses but you do not have EliteMobs installed! BetterStructures does not require EliteMobs to work, but if you want cool EliteMobs boss fights you will have to install EliteMobs here: https://nightbreak.io/plugin/elitemobs/
[14:11:24] [Server thread/WARN]: [BetterStructures] Since EliteMobs is not installed, betterstructures_em_premium_floatingisland_end.yml will not be used.
[14:11:25] [Server thread/WARN]: [BetterStructures] betterstructures_em_premium_floatingisland_tundra.yml uses EliteMobs bosses but you do not have EliteMobs installed! BetterStructures does not require EliteMobs to work, but if you want cool EliteMobs boss fights you will have to install EliteMobs here: https://nightbreak.io/plugin/elitemobs/
[14:11:25] [Server thread/WARN]: [BetterStructures] Since EliteMobs is not installed, betterstructures_em_premium_floatingisland_tundra.yml will not be used.
[14:11:25] [Server thread/WARN]: [BetterStructures] betterstructures_em_premium_prison_shallow.yml uses EliteMobs bosses but you do not have EliteMobs installed! BetterStructures does not require EliteMobs to work, but if you want cool EliteMobs boss fights you will have to install EliteMobs here: https://nightbreak.io/plugin/elitemobs/
[14:11:25] [Server thread/WARN]: [BetterStructures] Since EliteMobs is not installed, betterstructures_em_premium_prison_shallow.yml will not be used.
[14:11:25] [Server thread/WARN]: [BetterStructures] betterstructures_em_premium_pyramid_barren.yml uses EliteMobs bosses but you do not have EliteMobs installed! BetterStructures does not require EliteMobs to work, but if you want cool EliteMobs boss fights you will have to install EliteMobs here: https://nightbreak.io/plugin/elitemobs/
[14:11:25] [Server thread/WARN]: [BetterStructures] Since EliteMobs is not installed, betterstructures_em_premium_pyramid_barren.yml will not be used.
[14:11:25] [Server thread/WARN]: [BetterStructures] betterstructures_em_premium_tower_desert.yml uses EliteMobs bosses but you do not have EliteMobs installed! BetterStructures does not require EliteMobs to work, but if you want cool EliteMobs boss fights you will have to install EliteMobs here: https://nightbreak.io/plugin/elitemobs/
[14:11:25] [Server thread/WARN]: [BetterStructures] Since EliteMobs is not installed, betterstructures_em_premium_tower_desert.yml will not be used.
[14:11:25] [Server thread/WARN]: [BetterStructures] betterstructures_em_premium_church_tundra.yml uses EliteMobs bosses but you do not have EliteMobs installed! BetterStructures does not require EliteMobs to work, but if you want cool EliteMobs boss fights you will have to install EliteMobs here: https://nightbreak.io/plugin/elitemobs/
[14:11:25] [Server thread/WARN]: [BetterStructures] Since EliteMobs is not installed, betterstructures_em_premium_church_tundra.yml will not be used.
[14:11:25] [Server thread/WARN]: [BetterStructures] betterstructures_em_premium_arena_end.yml uses EliteMobs bosses but you do not have EliteMobs installed! BetterStructures does not require EliteMobs to work, but if you want cool EliteMobs boss fights you will have to install EliteMobs here: https://nightbreak.io/plugin/elitemobs/
[14:11:25] [Server thread/WARN]: [BetterStructures] Since EliteMobs is not installed, betterstructures_em_premium_arena_end.yml will not be used.
[14:11:25] [Server thread/WARN]: [BetterStructures] bs_lostcivilizations_free_mines_end.yml uses EliteMobs bosses but you do not have EliteMobs installed! BetterStructures does not require EliteMobs to work, but if you want cool EliteMobs boss fights you will have to install EliteMobs here: https://nightbreak.io/plugin/elitemobs/
[14:11:25] [Server thread/WARN]: [BetterStructures] Since EliteMobs is not installed, bs_lostcivilizations_free_mines_end.yml will not be used.
[14:11:26] [Server thread/WARN]: [BetterStructures] betterstructures_em_premium_pyramid_end.yml uses EliteMobs bosses but you do not have EliteMobs installed! BetterStructures does not require EliteMobs to work, but if you want cool EliteMobs boss fights you will have to install EliteMobs here: https://nightbreak.io/plugin/elitemobs/
[14:11:26] [Server thread/WARN]: [BetterStructures] Since EliteMobs is not installed, betterstructures_em_premium_pyramid_end.yml will not be used.
[14:11:26] [Server thread/WARN]: [BetterStructures] betterstructures_em_premium_squaredungeon_desert.yml uses EliteMobs bosses but you do not have EliteMobs installed! BetterStructures does not require EliteMobs to work, but if you want cool EliteMobs boss fights you will have to install EliteMobs here: https://nightbreak.io/plugin/elitemobs/
[14:11:26] [Server thread/WARN]: [BetterStructures] Since EliteMobs is not installed, betterstructures_em_premium_squaredungeon_desert.yml will not be used.
[14:11:26] [Server thread/WARN]: [BetterStructures] betterstructures_em_premium_arena_grassland.yml uses EliteMobs bosses but you do not have EliteMobs installed! BetterStructures does not require EliteMobs to work, but if you want cool EliteMobs boss fights you will have to install EliteMobs here: https://nightbreak.io/plugin/elitemobs/
[14:11:26] [Server thread/WARN]: [BetterStructures] Since EliteMobs is not installed, betterstructures_em_premium_arena_grassland.yml will not be used.
[14:11:26] [Server thread/WARN]: [BetterStructures] betterstructures_em_premium_floatingisland_desert.yml uses EliteMobs bosses but you do not have EliteMobs installed! BetterStructures does not require EliteMobs to work, but if you want cool EliteMobs boss fights you will have to install EliteMobs here: https://nightbreak.io/plugin/elitemobs/
[14:11:26] [Server thread/WARN]: [BetterStructures] Since EliteMobs is not installed, betterstructures_em_premium_floatingisland_desert.yml will not be used.
[14:11:27] [Server thread/WARN]: [BetterStructures] betterstructures_em_premium_undergrounddungeon_shallow.yml uses EliteMobs bosses but you do not have EliteMobs installed! BetterStructures does not require EliteMobs to work, but if you want cool EliteMobs boss fights you will have to install EliteMobs here: https://nightbreak.io/plugin/elitemobs/
[14:11:27] [Server thread/WARN]: [BetterStructures] Since EliteMobs is not installed, betterstructures_em_premium_undergrounddungeon_shallow.yml will not be used.
[14:11:27] [Server thread/WARN]: [BetterStructures] betterstructures_em_premium_well_barren.yml uses EliteMobs bosses but you do not have EliteMobs installed! BetterStructures does not require EliteMobs to work, but if you want cool EliteMobs boss fights you will have to install EliteMobs here: https://nightbreak.io/plugin/elitemobs/
[14:11:27] [Server thread/WARN]: [BetterStructures] Since EliteMobs is not installed, betterstructures_em_premium_well_barren.yml will not be used.
[14:11:27] [Server thread/WARN]: [BetterStructures] betterstructures_em_premium_hole_nether.yml uses EliteMobs bosses but you do not have EliteMobs installed! BetterStructures does not require EliteMobs to work, but if you want cool EliteMobs boss fights you will have to install EliteMobs here: https://nightbreak.io/plugin/elitemobs/
[14:11:27] [Server thread/WARN]: [BetterStructures] Since EliteMobs is not installed, betterstructures_em_premium_hole_nether.yml will not be used.
[14:11:27] [Server thread/WARN]: [BetterStructures] betterstructures_em_premium_amphitheatre_tundra.yml uses EliteMobs bosses but you do not have EliteMobs installed! BetterStructures does not require EliteMobs to work, but if you want cool EliteMobs boss fights you will have to install EliteMobs here: https://nightbreak.io/plugin/elitemobs/
[14:11:27] [Server thread/WARN]: [BetterStructures] Since EliteMobs is not installed, betterstructures_em_premium_amphitheatre_tundra.yml will not be used.
[14:11:27] [Server thread/WARN]: [BetterStructures] betterstructures_em_premium_hole_barren.yml uses EliteMobs bosses but you do not have EliteMobs installed! BetterStructures does not require EliteMobs to work, but if you want cool EliteMobs boss fights you will have to install EliteMobs here: https://nightbreak.io/plugin/elitemobs/
[14:11:27] [Server thread/WARN]: [BetterStructures] Since EliteMobs is not installed, betterstructures_em_premium_hole_barren.yml will not be used.
[14:11:27] [Server thread/WARN]: [BetterStructures] betterstructures_em_premium_church_grassland.yml uses EliteMobs bosses but you do not have EliteMobs installed! BetterStructures does not require EliteMobs to work, but if you want cool EliteMobs boss fights you will have to install EliteMobs here: https://nightbreak.io/plugin/elitemobs/
[14:11:27] [Server thread/WARN]: [BetterStructures] Since EliteMobs is not installed, betterstructures_em_premium_church_grassland.yml will not be used.
[14:11:27] [Server thread/WARN]: [BetterStructures] betterstructures_em_premium_prison_lush.yml uses EliteMobs bosses but you do not have EliteMobs installed! BetterStructures does not require EliteMobs to work, but if you want cool EliteMobs boss fights you will have to install EliteMobs here: https://nightbreak.io/plugin/elitemobs/
[14:11:27] [Server thread/WARN]: [BetterStructures] Since EliteMobs is not installed, betterstructures_em_premium_prison_lush.yml will not be used.
[14:11:27] [Server thread/WARN]: [BetterStructures] betterstructures_em_premium_watertemple_end.yml uses EliteMobs bosses but you do not have EliteMobs installed! BetterStructures does not require EliteMobs to work, but if you want cool EliteMobs boss fights you will have to install EliteMobs here: https://nightbreak.io/plugin/elitemobs/
[14:11:27] [Server thread/WARN]: [BetterStructures] Since EliteMobs is not installed, betterstructures_em_premium_watertemple_end.yml will not be used.
[14:11:27] [Server thread/WARN]: [BetterStructures] betterstructures_em_premium_pyramid_nether.yml uses EliteMobs bosses but you do not have EliteMobs installed! BetterStructures does not require EliteMobs to work, but if you want cool EliteMobs boss fights you will have to install EliteMobs here: https://nightbreak.io/plugin/elitemobs/
[14:11:27] [Server thread/WARN]: [BetterStructures] Since EliteMobs is not installed, betterstructures_em_premium_pyramid_nether.yml will not be used.
[14:11:28] [Server thread/WARN]: [BetterStructures] betterstructures_em_premium_greenhouse_barren.yml uses EliteMobs bosses but you do not have EliteMobs installed! BetterStructures does not require EliteMobs to work, but if you want cool EliteMobs boss fights you will have to install EliteMobs here: https://nightbreak.io/plugin/elitemobs/
[14:11:28] [Server thread/WARN]: [BetterStructures] Since EliteMobs is not installed, betterstructures_em_premium_greenhouse_barren.yml will not be used.
[14:11:28] [Server thread/WARN]: [BetterStructures] betterstructures_em_premium_prison_end.yml uses EliteMobs bosses but you do not have EliteMobs installed! BetterStructures does not require EliteMobs to work, but if you want cool EliteMobs boss fights you will have to install EliteMobs here: https://nightbreak.io/plugin/elitemobs/
[14:11:28] [Server thread/WARN]: [BetterStructures] Since EliteMobs is not installed, betterstructures_em_premium_prison_end.yml will not be used.
[14:11:28] [Server thread/WARN]: [BetterStructures] betterstructures_em_premium_spikes_tundra.yml uses EliteMobs bosses but you do not have EliteMobs installed! BetterStructures does not require EliteMobs to work, but if you want cool EliteMobs boss fights you will have to install EliteMobs here: https://nightbreak.io/plugin/elitemobs/
[14:11:28] [Server thread/WARN]: [BetterStructures] Since EliteMobs is not installed, betterstructures_em_premium_spikes_tundra.yml will not be used.
[14:11:28] [Server thread/WARN]: [BetterStructures] betterstructures_em_premium_watertemple_tundra.yml uses EliteMobs bosses but you do not have EliteMobs installed! BetterStructures does not require EliteMobs to work, but if you want cool EliteMobs boss fights you will have to install EliteMobs here: https://nightbreak.io/plugin/elitemobs/
[14:11:28] [Server thread/WARN]: [BetterStructures] Since EliteMobs is not installed, betterstructures_em_premium_watertemple_tundra.yml will not be used.
[14:11:28] [Server thread/WARN]: [BetterStructures] betterstructures_em_premium_floatingisland_nether.yml uses EliteMobs bosses but you do not have EliteMobs installed! BetterStructures does not require EliteMobs to work, but if you want cool EliteMobs boss fights you will have to install EliteMobs here: https://nightbreak.io/plugin/elitemobs/
[14:11:28] [Server thread/WARN]: [BetterStructures] Since EliteMobs is not installed, betterstructures_em_premium_floatingisland_nether.yml will not be used.
[14:11:28] [Server thread/WARN]: [BetterStructures] betterstructures_em_premium_hole_desert.yml uses EliteMobs bosses but you do not have EliteMobs installed! BetterStructures does not require EliteMobs to work, but if you want cool EliteMobs boss fights you will have to install EliteMobs here: https://nightbreak.io/plugin/elitemobs/
[14:11:28] [Server thread/WARN]: [BetterStructures] Since EliteMobs is not installed, betterstructures_em_premium_hole_desert.yml will not be used.
[14:11:28] [Server thread/WARN]: [BetterStructures] betterstructures_em_premium_arena_desert.yml uses EliteMobs bosses but you do not have EliteMobs installed! BetterStructures does not require EliteMobs to work, but if you want cool EliteMobs boss fights you will have to install EliteMobs here: https://nightbreak.io/plugin/elitemobs/
[14:11:28] [Server thread/WARN]: [BetterStructures] Since EliteMobs is not installed, betterstructures_em_premium_arena_desert.yml will not be used.
[14:11:28] [Server thread/WARN]: [BetterStructures] betterstructures_em_premium_church_nether.yml uses EliteMobs bosses but you do not have EliteMobs installed! BetterStructures does not require EliteMobs to work, but if you want cool EliteMobs boss fights you will have to install EliteMobs here: https://nightbreak.io/plugin/elitemobs/
[14:11:28] [Server thread/WARN]: [BetterStructures] Since EliteMobs is not installed, betterstructures_em_premium_church_nether.yml will not be used.
[14:11:28] [Server thread/WARN]: [BetterStructures] betterstructures_em_premium_undergrounddungeon_dripstone.yml uses EliteMobs bosses but you do not have EliteMobs installed! BetterStructures does not require EliteMobs to work, but if you want cool EliteMobs boss fights you will have to install EliteMobs here: https://nightbreak.io/plugin/elitemobs/
[14:11:28] [Server thread/WARN]: [BetterStructures] Since EliteMobs is not installed, betterstructures_em_premium_undergrounddungeon_dripstone.yml will not be used.
[14:11:28] [Server thread/WARN]: [BetterStructures] betterstructures_em_premium_spikes_desert.yml uses EliteMobs bosses but you do not have EliteMobs installed! BetterStructures does not require EliteMobs to work, but if you want cool EliteMobs boss fights you will have to install EliteMobs here: https://nightbreak.io/plugin/elitemobs/
[14:11:28] [Server thread/WARN]: [BetterStructures] Since EliteMobs is not installed, betterstructures_em_premium_spikes_desert.yml will not be used.
[14:11:28] [Server thread/WARN]: [BetterStructures] betterstructures_em_premium_graveyard_tundra.yml uses EliteMobs bosses but you do not have EliteMobs installed! BetterStructures does not require EliteMobs to work, but if you want cool EliteMobs boss fights you will have to install EliteMobs here: https://nightbreak.io/plugin/elitemobs/
[14:11:28] [Server thread/WARN]: [BetterStructures] Since EliteMobs is not installed, betterstructures_em_premium_graveyard_tundra.yml will not be used.
[14:11:28] [Server thread/WARN]: [BetterStructures] betterstructures_em_premium_amphitheatre_desert.yml uses EliteMobs bosses but you do not have EliteMobs installed! BetterStructures does not require EliteMobs to work, but if you want cool EliteMobs boss fights you will have to install EliteMobs here: https://nightbreak.io/plugin/elitemobs/
[14:11:28] [Server thread/WARN]: [BetterStructures] Since EliteMobs is not installed, betterstructures_em_premium_amphitheatre_desert.yml will not be used.
[14:11:28] [Server thread/WARN]: [BetterStructures] betterstructures_em_premium_well_nether.yml uses EliteMobs bosses but you do not have EliteMobs installed! BetterStructures does not require EliteMobs to work, but if you want cool EliteMobs boss fights you will have to install EliteMobs here: https://nightbreak.io/plugin/elitemobs/
[14:11:28] [Server thread/WARN]: [BetterStructures] Since EliteMobs is not installed, betterstructures_em_premium_well_nether.yml will not be used.
[14:11:29] [Server thread/WARN]: [BetterStructures] betterstructures_em_premium_tower_nether.yml uses EliteMobs bosses but you do not have EliteMobs installed! BetterStructures does not require EliteMobs to work, but if you want cool EliteMobs boss fights you will have to install EliteMobs here: https://nightbreak.io/plugin/elitemobs/
[14:11:29] [Server thread/WARN]: [BetterStructures] Since EliteMobs is not installed, betterstructures_em_premium_tower_nether.yml will not be used.
[14:11:29] [Server thread/WARN]: [BetterStructures] betterstructures_em_premium_undergrounddungeon_end.yml uses EliteMobs bosses but you do not have EliteMobs installed! BetterStructures does not require EliteMobs to work, but if you want cool EliteMobs boss fights you will have to install EliteMobs here: https://nightbreak.io/plugin/elitemobs/
[14:11:29] [Server thread/WARN]: [BetterStructures] Since EliteMobs is not installed, betterstructures_em_premium_undergrounddungeon_end.yml will not be used.
[14:11:29] [Server thread/WARN]: [BetterStructures] betterstructures_em_premium_watertemple_desert.yml uses EliteMobs bosses but you do not have EliteMobs installed! BetterStructures does not require EliteMobs to work, but if you want cool EliteMobs boss fights you will have to install EliteMobs here: https://nightbreak.io/plugin/elitemobs/
[14:11:29] [Server thread/WARN]: [BetterStructures] Since EliteMobs is not installed, betterstructures_em_premium_watertemple_desert.yml will not be used.
[14:11:29] [Server thread/WARN]: [BetterStructures] betterstructures_em_premium_undergrounddungeon_lush.yml uses EliteMobs bosses but you do not have EliteMobs installed! BetterStructures does not require EliteMobs to work, but if you want cool EliteMobs boss fights you will have to install EliteMobs here: https://nightbreak.io/plugin/elitemobs/
[14:11:29] [Server thread/WARN]: [BetterStructures] Since EliteMobs is not installed, betterstructures_em_premium_undergrounddungeon_lush.yml will not be used.
[14:11:29] [Server thread/WARN]: [BetterStructures] betterstructures_em_premium_arenaroom_barren.yml uses EliteMobs bosses but you do not have EliteMobs installed! BetterStructures does not require EliteMobs to work, but if you want cool EliteMobs boss fights you will have to install EliteMobs here: https://nightbreak.io/plugin/elitemobs/
[14:11:29] [Server thread/WARN]: [BetterStructures] Since EliteMobs is not installed, betterstructures_em_premium_arenaroom_barren.yml will not be used.
[14:11:29] [Server thread/WARN]: [BetterStructures] betterstructures_em_premium_hole_grassland.yml uses EliteMobs bosses but you do not have EliteMobs installed! BetterStructures does not require EliteMobs to work, but if you want cool EliteMobs boss fights you will have to install EliteMobs here: https://nightbreak.io/plugin/elitemobs/
[14:11:29] [Server thread/WARN]: [BetterStructures] Since EliteMobs is not installed, betterstructures_em_premium_hole_grassland.yml will not be used.
[14:11:30] [Server thread/WARN]: [BetterStructures] betterstructures_em_premium_graveyard_grassland.yml uses EliteMobs bosses but you do not have EliteMobs installed! BetterStructures does not require EliteMobs to work, but if you want cool EliteMobs boss fights you will have to install EliteMobs here: https://nightbreak.io/plugin/elitemobs/
[14:11:30] [Server thread/WARN]: [BetterStructures] Since EliteMobs is not installed, betterstructures_em_premium_graveyard_grassland.yml will not be used.
[14:11:30] [Server thread/WARN]: [BetterStructures] Failed to determine entity type for sign! Entry was END_CRYSTAL in schematic bs_lostcivilizations_free_verticalcave_end.schem ! Fix this by inputting a valid entity type!
[14:11:30] [Server thread/WARN]: [BetterStructures] betterstructures_em_premium_watertemple_grassland.yml uses EliteMobs bosses but you do not have EliteMobs installed! BetterStructures does not require EliteMobs to work, but if you want cool EliteMobs boss fights you will have to install EliteMobs here: https://nightbreak.io/plugin/elitemobs/
[14:11:30] [Server thread/WARN]: [BetterStructures] Since EliteMobs is not installed, betterstructures_em_premium_watertemple_grassland.yml will not be used.
[14:11:30] [Server thread/WARN]: [BetterStructures] betterstructures_em_premium_arenaroom_nether.yml uses EliteMobs bosses but you do not have EliteMobs installed! BetterStructures does not require EliteMobs to work, but if you want cool EliteMobs boss fights you will have to install EliteMobs here: https://nightbreak.io/plugin/elitemobs/
[14:11:30] [Server thread/WARN]: [BetterStructures] Since EliteMobs is not installed, betterstructures_em_premium_arenaroom_nether.yml will not be used.
[14:11:30] [Server thread/WARN]: [BetterStructures] betterstructures_em_premium_flagship_barren.yml uses EliteMobs bosses but you do not have EliteMobs installed! BetterStructures does not require EliteMobs to work, but if you want cool EliteMobs boss fights you will have to install EliteMobs here: https://nightbreak.io/plugin/elitemobs/
[14:11:30] [Server thread/WARN]: [BetterStructures] Since EliteMobs is not installed, betterstructures_em_premium_flagship_barren.yml will not be used.
[14:11:30] [Server thread/WARN]: [BetterStructures] betterstructures_em_premium_squaredungeon_tundra.yml uses EliteMobs bosses but you do not have EliteMobs installed! BetterStructures does not require EliteMobs to work, but if you want cool EliteMobs boss fights you will have to install EliteMobs here: https://nightbreak.io/plugin/elitemobs/
[14:11:30] [Server thread/WARN]: [BetterStructures] Since EliteMobs is not installed, betterstructures_em_premium_squaredungeon_tundra.yml will not be used.
[14:11:31] [Server thread/WARN]: [BetterStructures] betterstructures_em_premium_tower_end.yml uses EliteMobs bosses but you do not have EliteMobs installed! BetterStructures does not require EliteMobs to work, but if you want cool EliteMobs boss fights you will have to install EliteMobs here: https://nightbreak.io/plugin/elitemobs/
[14:11:31] [Server thread/WARN]: [BetterStructures] Since EliteMobs is not installed, betterstructures_em_premium_tower_end.yml will not be used.
[14:11:31] [Server thread/WARN]: [BetterStructures] betterstructures_em_premium_arena_tundra.yml uses EliteMobs bosses but you do not have EliteMobs installed! BetterStructures does not require EliteMobs to work, but if you want cool EliteMobs boss fights you will have to install EliteMobs here: https://nightbreak.io/plugin/elitemobs/
[14:11:31] [Server thread/WARN]: [BetterStructures] Since EliteMobs is not installed, betterstructures_em_premium_arena_tundra.yml will not be used.
[14:11:31] [Server thread/WARN]: [BetterStructures] betterstructures_em_premium_graveyard_desert.yml uses EliteMobs bosses but you do not have EliteMobs installed! BetterStructures does not require EliteMobs to work, but if you want cool EliteMobs boss fights you will have to install EliteMobs here: https://nightbreak.io/plugin/elitemobs/
[14:11:31] [Server thread/WARN]: [BetterStructures] Since EliteMobs is not installed, betterstructures_em_premium_graveyard_desert.yml will not be used.
[14:11:31] [Server thread/WARN]: [BetterStructures] betterstructures_em_premium_church_barren.yml uses EliteMobs bosses but you do not have EliteMobs installed! BetterStructures does not require EliteMobs to work, but if you want cool EliteMobs boss fights you will have to install EliteMobs here: https://nightbreak.io/plugin/elitemobs/
[14:11:31] [Server thread/WARN]: [BetterStructures] Since EliteMobs is not installed, betterstructures_em_premium_church_barren.yml will not be used.
[14:11:31] [Server thread/WARN]: [BetterStructures] betterstructures_em_premium_squaredungeon_end.yml uses EliteMobs bosses but you do not have EliteMobs installed! BetterStructures does not require EliteMobs to work, but if you want cool EliteMobs boss fights you will have to install EliteMobs here: https://nightbreak.io/plugin/elitemobs/
[14:11:31] [Server thread/WARN]: [BetterStructures] Since EliteMobs is not installed, betterstructures_em_premium_squaredungeon_end.yml will not be used.
[14:11:31] [Server thread/WARN]: [BetterStructures] betterstructures_em_premium_flagship_nether.yml uses EliteMobs bosses but you do not have EliteMobs installed! BetterStructures does not require EliteMobs to work, but if you want cool EliteMobs boss fights you will have to install EliteMobs here: https://nightbreak.io/plugin/elitemobs/
[14:11:31] [Server thread/WARN]: [BetterStructures] Since EliteMobs is not installed, betterstructures_em_premium_flagship_nether.yml will not be used.
[14:11:31] [Server thread/WARN]: [BetterStructures] betterstructures_em_premium_pyramid_grassland.yml uses EliteMobs bosses but you do not have EliteMobs installed! BetterStructures does not require EliteMobs to work, but if you want cool EliteMobs boss fights you will have to install EliteMobs here: https://nightbreak.io/plugin/elitemobs/
[14:11:31] [Server thread/WARN]: [BetterStructures] Since EliteMobs is not installed, betterstructures_em_premium_pyramid_grassland.yml will not be used.
[14:11:31] [Server thread/WARN]: [BetterStructures] betterstructures_em_premium_arenaroom_grassland.yml uses EliteMobs bosses but you do not have EliteMobs installed! BetterStructures does not require EliteMobs to work, but if you want cool EliteMobs boss fights you will have to install EliteMobs here: https://nightbreak.io/plugin/elitemobs/
[14:11:31] [Server thread/WARN]: [BetterStructures] Since EliteMobs is not installed, betterstructures_em_premium_arenaroom_grassland.yml will not be used.
[14:11:31] [Server thread/WARN]: [BetterStructures] betterstructures_em_premium_floatingisland_barren.yml uses EliteMobs bosses but you do not have EliteMobs installed! BetterStructures does not require EliteMobs to work, but if you want cool EliteMobs boss fights you will have to install EliteMobs here: https://nightbreak.io/plugin/elitemobs/
[14:11:31] [Server thread/WARN]: [BetterStructures] Since EliteMobs is not installed, betterstructures_em_premium_floatingisland_barren.yml will not be used.
[14:11:31] [Server thread/WARN]: [BetterStructures] bs_lostcivilizations_free_ruins_end.yml uses EliteMobs bosses but you do not have EliteMobs installed! BetterStructures does not require EliteMobs to work, but if you want cool EliteMobs boss fights you will have to install EliteMobs here: https://nightbreak.io/plugin/elitemobs/
[14:11:31] [Server thread/WARN]: [BetterStructures] Since EliteMobs is not installed, bs_lostcivilizations_free_ruins_end.yml will not be used.
[14:11:31] [Server thread/WARN]: [BetterStructures] betterstructures_em_premium_graveyard_nether.yml uses EliteMobs bosses but you do not have EliteMobs installed! BetterStructures does not require EliteMobs to work, but if you want cool EliteMobs boss fights you will have to install EliteMobs here: https://nightbreak.io/plugin/elitemobs/
[14:11:31] [Server thread/WARN]: [BetterStructures] Since EliteMobs is not installed, betterstructures_em_premium_graveyard_nether.yml will not be used.
[14:11:31] [Server thread/WARN]: [BetterStructures] betterstructures_em_premium_tower_barren.yml uses EliteMobs bosses but you do not have EliteMobs installed! BetterStructures does not require EliteMobs to work, but if you want cool EliteMobs boss fights you will have to install EliteMobs here: https://nightbreak.io/plugin/elitemobs/
[14:11:31] [Server thread/WARN]: [BetterStructures] Since EliteMobs is not installed, betterstructures_em_premium_tower_barren.yml will not be used.
[14:11:31] [Server thread/WARN]: [BetterStructures] betterstructures_em_premium_squaredungeon_barren.yml uses EliteMobs bosses but you do not have EliteMobs installed! BetterStructures does not require EliteMobs to work, but if you want cool EliteMobs boss fights you will have to install EliteMobs here: https://nightbreak.io/plugin/elitemobs/
[14:11:31] [Server thread/WARN]: [BetterStructures] Since EliteMobs is not installed, betterstructures_em_premium_squaredungeon_barren.yml will not be used.
[14:11:31] [Server thread/WARN]: [BetterStructures] betterstructures_em_premium_amphitheatre_barren.yml uses EliteMobs bosses but you do not have EliteMobs installed! BetterStructures does not require EliteMobs to work, but if you want cool EliteMobs boss fights you will have to install EliteMobs here: https://nightbreak.io/plugin/elitemobs/
[14:11:31] [Server thread/WARN]: [BetterStructures] Since EliteMobs is not installed, betterstructures_em_premium_amphitheatre_barren.yml will not be used.
[14:11:31] [Server thread/WARN]: [BetterStructures] betterstructures_em_premium_spikes_grassland.yml uses EliteMobs bosses but you do not have EliteMobs installed! BetterStructures does not require EliteMobs to work, but if you want cool EliteMobs boss fights you will have to install EliteMobs here: https://nightbreak.io/plugin/elitemobs/
[14:11:31] [Server thread/WARN]: [BetterStructures] Since EliteMobs is not installed, betterstructures_em_premium_spikes_grassland.yml will not be used.
[14:11:32] [Server thread/WARN]: [BetterStructures] betterstructures_em_premium_tower_grassland.yml uses EliteMobs bosses but you do not have EliteMobs installed! BetterStructures does not require EliteMobs to work, but if you want cool EliteMobs boss fights you will have to install EliteMobs here: https://nightbreak.io/plugin/elitemobs/
[14:11:32] [Server thread/WARN]: [BetterStructures] Since EliteMobs is not installed, betterstructures_em_premium_tower_grassland.yml will not be used.
[14:11:32] [Server thread/WARN]: [BetterStructures] betterstructures_em_premium_spikes_nether.yml uses EliteMobs bosses but you do not have EliteMobs installed! BetterStructures does not require EliteMobs to work, but if you want cool EliteMobs boss fights you will have to install EliteMobs here: https://nightbreak.io/plugin/elitemobs/
[14:11:32] [Server thread/WARN]: [BetterStructures] Since EliteMobs is not installed, betterstructures_em_premium_spikes_nether.yml will not be used.
[14:11:32] [Server thread/WARN]: [BetterStructures] betterstructures_em_premium_prison_deep.yml uses EliteMobs bosses but you do not have EliteMobs installed! BetterStructures does not require EliteMobs to work, but if you want cool EliteMobs boss fights you will have to install EliteMobs here: https://nightbreak.io/plugin/elitemobs/
[14:11:32] [Server thread/WARN]: [BetterStructures] Since EliteMobs is not installed, betterstructures_em_premium_prison_deep.yml will not be used.
[14:11:32] [Server thread/WARN]: [BetterStructures] betterstructures_em_premium_squaredungeon_grassland.yml uses EliteMobs bosses but you do not have EliteMobs installed! BetterStructures does not require EliteMobs to work, but if you want cool EliteMobs boss fights you will have to install EliteMobs here: https://nightbreak.io/plugin/elitemobs/
[14:11:32] [Server thread/WARN]: [BetterStructures] Since EliteMobs is not installed, betterstructures_em_premium_squaredungeon_grassland.yml will not be used.
[14:11:32] [Server thread/WARN]: [BetterStructures] betterstructures_em_premium_well_tundra.yml uses EliteMobs bosses but you do not have EliteMobs installed! BetterStructures does not require EliteMobs to work, but if you want cool EliteMobs boss fights you will have to install EliteMobs here: https://nightbreak.io/plugin/elitemobs/
[14:11:32] [Server thread/WARN]: [BetterStructures] Since EliteMobs is not installed, betterstructures_em_premium_well_tundra.yml will not be used.
[14:11:32] [Server thread/WARN]: [BetterStructures] betterstructures_em_premium_greenhouse_desert.yml uses EliteMobs bosses but you do not have EliteMobs installed! BetterStructures does not require EliteMobs to work, but if you want cool EliteMobs boss fights you will have to install EliteMobs here: https://nightbreak.io/plugin/elitemobs/
[14:11:32] [Server thread/WARN]: [BetterStructures] Since EliteMobs is not installed, betterstructures_em_premium_greenhouse_desert.yml will not be used.
[14:11:32] [Server thread/WARN]: [BetterStructures] betterstructures_em_premium_well_end.yml uses EliteMobs bosses but you do not have EliteMobs installed! BetterStructures does not require EliteMobs to work, but if you want cool EliteMobs boss fights you will have to install EliteMobs here: https://nightbreak.io/plugin/elitemobs/
[14:11:32] [Server thread/WARN]: [BetterStructures] Since EliteMobs is not installed, betterstructures_em_premium_well_end.yml will not be used.
[14:11:32] [Server thread/WARN]: [BetterStructures] betterstructures_em_premium_prison_dripstone.yml uses EliteMobs bosses but you do not have EliteMobs installed! BetterStructures does not require EliteMobs to work, but if you want cool EliteMobs boss fights you will have to install EliteMobs here: https://nightbreak.io/plugin/elitemobs/
[14:11:32] [Server thread/WARN]: [BetterStructures] Since EliteMobs is not installed, betterstructures_em_premium_prison_dripstone.yml will not be used.
[14:11:33] [Server thread/WARN]: [BetterStructures] betterstructures_em_premium_undergrounddungeon_deep.yml uses EliteMobs bosses but you do not have EliteMobs installed! BetterStructures does not require EliteMobs to work, but if you want cool EliteMobs boss fights you will have to install EliteMobs here: https://nightbreak.io/plugin/elitemobs/
[14:11:33] [Server thread/WARN]: [BetterStructures] Since EliteMobs is not installed, betterstructures_em_premium_undergrounddungeon_deep.yml will not be used.
[14:11:33] [Server thread/WARN]: [BetterStructures] betterstructures_em_premium_well_grassland.yml uses EliteMobs bosses but you do not have EliteMobs installed! BetterStructures does not require EliteMobs to work, but if you want cool EliteMobs boss fights you will have to install EliteMobs here: https://nightbreak.io/plugin/elitemobs/
[14:11:33] [Server thread/WARN]: [BetterStructures] Since EliteMobs is not installed, betterstructures_em_premium_well_grassland.yml will not be used.
[14:11:33] [Server thread/WARN]: [BetterStructures] betterstructures_em_premium_greenhouse_nether.yml uses EliteMobs bosses but you do not have EliteMobs installed! BetterStructures does not require EliteMobs to work, but if you want cool EliteMobs boss fights you will have to install EliteMobs here: https://nightbreak.io/plugin/elitemobs/
[14:11:33] [Server thread/WARN]: [BetterStructures] Since EliteMobs is not installed, betterstructures_em_premium_greenhouse_nether.yml will not be used.
[14:11:33] [Server thread/WARN]: [BetterStructures] betterstructures_em_premium_arenaroom_end.yml uses EliteMobs bosses but you do not have EliteMobs installed! BetterStructures does not require EliteMobs to work, but if you want cool EliteMobs boss fights you will have to install EliteMobs here: https://nightbreak.io/plugin/elitemobs/
[14:11:33] [Server thread/WARN]: [BetterStructures] Since EliteMobs is not installed, betterstructures_em_premium_arenaroom_end.yml will not be used.
[14:11:33] [Server thread/WARN]: [BetterStructures] betterstructures_em_premium_arenaroom_desert.yml uses EliteMobs bosses but you do not have EliteMobs installed! BetterStructures does not require EliteMobs to work, but if you want cool EliteMobs boss fights you will have to install EliteMobs here: https://nightbreak.io/plugin/elitemobs/
[14:11:33] [Server thread/WARN]: [BetterStructures] Since EliteMobs is not installed, betterstructures_em_premium_arenaroom_desert.yml will not be used.
[14:11:33] [Server thread/WARN]: [BetterStructures] betterstructures_em_premium_graveyard_barren.yml uses EliteMobs bosses but you do not have EliteMobs installed! BetterStructures does not require EliteMobs to work, but if you want cool EliteMobs boss fights you will have to install EliteMobs here: https://nightbreak.io/plugin/elitemobs/
[14:11:33] [Server thread/WARN]: [BetterStructures] Since EliteMobs is not installed, betterstructures_em_premium_graveyard_barren.yml will not be used.
[14:11:34] [Server thread/WARN]: [BetterStructures] betterstructures_em_premium_spikes_barren.yml uses EliteMobs bosses but you do not have EliteMobs installed! BetterStructures does not require EliteMobs to work, but if you want cool EliteMobs boss fights you will have to install EliteMobs here: https://nightbreak.io/plugin/elitemobs/
[14:11:34] [Server thread/WARN]: [BetterStructures] Since EliteMobs is not installed, betterstructures_em_premium_spikes_barren.yml will not be used.
[14:11:34] [Server thread/WARN]: [BetterStructures] betterstructures_em_premium_greenhouse_grassland.yml uses EliteMobs bosses but you do not have EliteMobs installed! BetterStructures does not require EliteMobs to work, but if you want cool EliteMobs boss fights you will have to install EliteMobs here: https://nightbreak.io/plugin/elitemobs/
[14:11:34] [Server thread/WARN]: [BetterStructures] Since EliteMobs is not installed, betterstructures_em_premium_greenhouse_grassland.yml will not be used.
[14:11:34] [Server thread/WARN]: [BetterStructures] betterstructures_em_premium_pyramid_desert.yml uses EliteMobs bosses but you do not have EliteMobs installed! BetterStructures does not require EliteMobs to work, but if you want cool EliteMobs boss fights you will have to install EliteMobs here: https://nightbreak.io/plugin/elitemobs/
[14:11:34] [Server thread/WARN]: [BetterStructures] Since EliteMobs is not installed, betterstructures_em_premium_pyramid_desert.yml will not be used.
[14:11:34] [Server thread/WARN]: [BetterStructures] betterstructures_em_premium_arena_nether.yml uses EliteMobs bosses but you do not have EliteMobs installed! BetterStructures does not require EliteMobs to work, but if you want cool EliteMobs boss fights you will have to install EliteMobs here: https://nightbreak.io/plugin/elitemobs/
[14:11:34] [Server thread/WARN]: [BetterStructures] Since EliteMobs is not installed, betterstructures_em_premium_arena_nether.yml will not be used.
[14:11:34] [Server thread/WARN]: [BetterStructures] betterstructures_em_premium_hole_tundra.yml uses EliteMobs bosses but you do not have EliteMobs installed! BetterStructures does not require EliteMobs to work, but if you want cool EliteMobs boss fights you will have to install EliteMobs here: https://nightbreak.io/plugin/elitemobs/
[14:11:34] [Server thread/WARN]: [BetterStructures] Since EliteMobs is not installed, betterstructures_em_premium_hole_tundra.yml will not be used.
[14:11:34] [Server thread/WARN]: [BetterStructures] betterstructures_em_premium_greenhouse_tundra.yml uses EliteMobs bosses but you do not have EliteMobs installed! BetterStructures does not require EliteMobs to work, but if you want cool EliteMobs boss fights you will have to install EliteMobs here: https://nightbreak.io/plugin/elitemobs/
[14:11:34] [Server thread/WARN]: [BetterStructures] Since EliteMobs is not installed, betterstructures_em_premium_greenhouse_tundra.yml will not be used.
[14:11:34] [Server thread/WARN]: [BetterStructures] betterstructures_em_premium_amphitheatre_grassland.yml uses EliteMobs bosses but you do not have EliteMobs installed! BetterStructures does not require EliteMobs to work, but if you want cool EliteMobs boss fights you will have to install EliteMobs here: https://nightbreak.io/plugin/elitemobs/
[14:11:34] [Server thread/WARN]: [BetterStructures] Since EliteMobs is not installed, betterstructures_em_premium_amphitheatre_grassland.yml will not be used.
[14:11:34] [Server thread/WARN]: [BetterStructures] betterstructures_em_premium_squaredungeon_nether.yml uses EliteMobs bosses but you do not have EliteMobs installed! BetterStructures does not require EliteMobs to work, but if you want cool EliteMobs boss fights you will have to install EliteMobs here: https://nightbreak.io/plugin/elitemobs/
[14:11:34] [Server thread/WARN]: [BetterStructures] Since EliteMobs is not installed, betterstructures_em_premium_squaredungeon_nether.yml will not be used.
[14:11:34] [Server thread/WARN]: [BetterStructures] betterstructures_em_premium_arenaroom_tundra.yml uses EliteMobs bosses but you do not have EliteMobs installed! BetterStructures does not require EliteMobs to work, but if you want cool EliteMobs boss fights you will have to install EliteMobs here: https://nightbreak.io/plugin/elitemobs/
[14:11:34] [Server thread/WARN]: [BetterStructures] Since EliteMobs is not installed, betterstructures_em_premium_arenaroom_tundra.yml will not be used.
[14:11:34] [Server thread/WARN]: [BetterStructures] betterstructures_em_premium_amphitheatre_nether.yml uses EliteMobs bosses but you do not have EliteMobs installed! BetterStructures does not require EliteMobs to work, but if you want cool EliteMobs boss fights you will have to install EliteMobs here: https://nightbreak.io/plugin/elitemobs/
[14:11:34] [Server thread/WARN]: [BetterStructures] Since EliteMobs is not installed, betterstructures_em_premium_amphitheatre_nether.yml will not be used.
[14:11:34] [Server thread/WARN]: [BetterStructures] betterstructures_em_premium_well_desert.yml uses EliteMobs bosses but you do not have EliteMobs installed! BetterStructures does not require EliteMobs to work, but if you want cool EliteMobs boss fights you will have to install EliteMobs here: https://nightbreak.io/plugin/elitemobs/
[14:11:34] [Server thread/WARN]: [BetterStructures] Since EliteMobs is not installed, betterstructures_em_premium_well_desert.yml will not be used.
[14:11:34] [Server thread/WARN]: [BetterStructures] betterstructures_em_premium_flagship_tundra.yml uses EliteMobs bosses but you do not have EliteMobs installed! BetterStructures does not require EliteMobs to work, but if you want cool EliteMobs boss fights you will have to install EliteMobs here: https://nightbreak.io/plugin/elitemobs/
[14:11:34] [Server thread/WARN]: [BetterStructures] Since EliteMobs is not installed, betterstructures_em_premium_flagship_tundra.yml will not be used.
[14:11:34] [Server thread/WARN]: [BetterStructures] betterstructures_em_premium_arena_barren.yml uses EliteMobs bosses but you do not have EliteMobs installed! BetterStructures does not require EliteMobs to work, but if you want cool EliteMobs boss fights you will have to install EliteMobs here: https://nightbreak.io/plugin/elitemobs/
[14:11:34] [Server thread/WARN]: [BetterStructures] Since EliteMobs is not installed, betterstructures_em_premium_arena_barren.yml will not be used.
[14:11:34] [Server thread/WARN]: [BetterStructures] betterstructures_em_premium_church_desert.yml uses EliteMobs bosses but you do not have EliteMobs installed! BetterStructures does not require EliteMobs to work, but if you want cool EliteMobs boss fights you will have to install EliteMobs here: https://nightbreak.io/plugin/elitemobs/
[14:11:34] [Server thread/WARN]: [BetterStructures] Since EliteMobs is not installed, betterstructures_em_premium_church_desert.yml will not be used.
[14:11:34] [Server thread/WARN]: [BetterStructures] betterstructures_em_premium_prison_nether.yml uses EliteMobs bosses but you do not have EliteMobs installed! BetterStructures does not require EliteMobs to work, but if you want cool EliteMobs boss fights you will have to install EliteMobs here: https://nightbreak.io/plugin/elitemobs/
[14:11:34] [Server thread/WARN]: [BetterStructures] Since EliteMobs is not installed, betterstructures_em_premium_prison_nether.yml will not be used.
[14:11:34] [Server thread/WARN]: [BetterStructures] betterstructures_em_premium_watertemple_nether.yml uses EliteMobs bosses but you do not have EliteMobs installed! BetterStructures does not require EliteMobs to work, but if you want cool EliteMobs boss fights you will have to install EliteMobs here: https://nightbreak.io/plugin/elitemobs/
[14:11:34] [Server thread/WARN]: [BetterStructures] Since EliteMobs is not installed, betterstructures_em_premium_watertemple_nether.yml will not be used.
[14:11:35] [Server thread/WARN]: [BetterStructures] betterstructures_em_premium_flagship_desert.yml uses EliteMobs bosses but you do not have EliteMobs installed! BetterStructures does not require EliteMobs to work, but if you want cool EliteMobs boss fights you will have to install EliteMobs here: https://nightbreak.io/plugin/elitemobs/
[14:11:35] [Server thread/WARN]: [BetterStructures] Since EliteMobs is not installed, betterstructures_em_premium_flagship_desert.yml will not be used.
[14:11:35] [Server thread/WARN]: [BetterStructures] betterstructures_em_premium_greenhouse_end.yml uses EliteMobs bosses but you do not have EliteMobs installed! BetterStructures does not require EliteMobs to work, but if you want cool EliteMobs boss fights you will have to install EliteMobs here: https://nightbreak.io/plugin/elitemobs/
[14:11:35] [Server thread/WARN]: [BetterStructures] Since EliteMobs is not installed, betterstructures_em_premium_greenhouse_end.yml will not be used.
[14:11:35] [Server thread/WARN]: [BetterStructures] betterstructures_em_premium_hole_end.yml uses EliteMobs bosses but you do not have EliteMobs installed! BetterStructures does not require EliteMobs to work, but if you want cool EliteMobs boss fights you will have to install EliteMobs here: https://nightbreak.io/plugin/elitemobs/
[14:11:35] [Server thread/WARN]: [BetterStructures] Since EliteMobs is not installed, betterstructures_em_premium_hole_end.yml will not be used.
[14:11:35] [Server thread/WARN]: [BetterStructures] betterstructures_em_premium_graveyard_end.yml uses EliteMobs bosses but you do not have EliteMobs installed! BetterStructures does not require EliteMobs to work, but if you want cool EliteMobs boss fights you will have to install EliteMobs here: https://nightbreak.io/plugin/elitemobs/
[14:11:35] [Server thread/WARN]: [BetterStructures] Since EliteMobs is not installed, betterstructures_em_premium_graveyard_end.yml will not be used.
[14:11:35] [Server thread/WARN]: [BetterStructures] betterstructures_em_premium_watertemple_barren.yml uses EliteMobs bosses but you do not have EliteMobs installed! BetterStructures does not require EliteMobs to work, but if you want cool EliteMobs boss fights you will have to install EliteMobs here: https://nightbreak.io/plugin/elitemobs/
[14:11:35] [Server thread/WARN]: [BetterStructures] Since EliteMobs is not installed, betterstructures_em_premium_watertemple_barren.yml will not be used.
[14:11:35] [Server thread/WARN]: [BetterStructures] betterstructures_em_premium_flagship_end.yml uses EliteMobs bosses but you do not have EliteMobs installed! BetterStructures does not require EliteMobs to work, but if you want cool EliteMobs boss fights you will have to install EliteMobs here: https://nightbreak.io/plugin/elitemobs/
[14:11:35] [Server thread/WARN]: [BetterStructures] Since EliteMobs is not installed, betterstructures_em_premium_flagship_end.yml will not be used.
[14:11:35] [Server thread/WARN]: [BetterStructures] betterstructures_em_premium_undergrounddungeon_nether.yml uses EliteMobs bosses but you do not have EliteMobs installed! BetterStructures does not require EliteMobs to work, but if you want cool EliteMobs boss fights you will have to install EliteMobs here: https://nightbreak.io/plugin/elitemobs/
[14:11:35] [Server thread/WARN]: [BetterStructures] Since EliteMobs is not installed, betterstructures_em_premium_undergrounddungeon_nether.yml will not be used.
[14:11:36] [Server thread/WARN]: [BetterStructures] betterstructures_em_premium_spikes_end.yml uses EliteMobs bosses but you do not have EliteMobs installed! BetterStructures does not require EliteMobs to work, but if you want cool EliteMobs boss fights you will have to install EliteMobs here: https://nightbreak.io/plugin/elitemobs/
[14:11:36] [Server thread/WARN]: [BetterStructures] Since EliteMobs is not installed, betterstructures_em_premium_spikes_end.yml will not be used.
[14:11:36] [Server thread/WARN]: [BetterStructures] betterstructures_em_premium_amphitheatre_end.yml uses EliteMobs bosses but you do not have EliteMobs installed! BetterStructures does not require EliteMobs to work, but if you want cool EliteMobs boss fights you will have to install EliteMobs here: https://nightbreak.io/plugin/elitemobs/
[14:11:36] [Server thread/WARN]: [BetterStructures] Since EliteMobs is not installed, betterstructures_em_premium_amphitheatre_end.yml will not be used.
[14:11:36] [Server thread/WARN]: [BetterStructures] betterstructures_em_premium_floatingisland_grassland.yml uses EliteMobs bosses but you do not have EliteMobs installed! BetterStructures does not require EliteMobs to work, but if you want cool EliteMobs boss fights you will have to install EliteMobs here: https://nightbreak.io/plugin/elitemobs/
[14:11:36] [Server thread/WARN]: [BetterStructures] Since EliteMobs is not installed, betterstructures_em_premium_floatingisland_grassland.yml will not be used.
[14:11:36] [Server thread/WARN]: [BetterStructures] betterstructures_em_premium_pyramid_tundra.yml uses EliteMobs bosses but you do not have EliteMobs installed! BetterStructures does not require EliteMobs to work, but if you want cool EliteMobs boss fights you will have to install EliteMobs here: https://nightbreak.io/plugin/elitemobs/
[14:11:36] [Server thread/WARN]: [BetterStructures] Since EliteMobs is not installed, betterstructures_em_premium_pyramid_tundra.yml will not be used.
[14:11:36] [Server thread/WARN]: Schematic was made in a newer Minecraft version (3955 > 3465). Data may be incompatible.
[14:11:36] [Server thread/WARN]: Invalid BlockState in palette: minecraft:short_grass=LinIntTag[26]. Block will be replaced with air.
[14:11:36] [Server thread/WARN]: Schematic was made in a newer Minecraft version (3955 > 3465). Data may be incompatible.
[14:11:36] [Server thread/WARN]: Invalid BlockState in palette: minecraft:short_grass=LinIntTag[13]. Block will be replaced with air.
[14:11:36] [Server thread/WARN]: Schematic was made in a newer Minecraft version (3955 > 3465). Data may be incompatible.
[14:11:36] [Server thread/WARN]: Invalid BlockState in palette: minecraft:short_grass=LinIntTag[20]. Block will be replaced with air.
[14:11:36] [Server thread/WARN]: Schematic was made in a newer Minecraft version (3955 > 3465). Data may be incompatible.
[14:11:36] [Server thread/WARN]: Invalid BlockState in palette: minecraft:short_grass=LinIntTag[19]. Block will be replaced with air.
[14:11:36] [Server thread/WARN]: Schematic was made in a newer Minecraft version (3955 > 3465). Data may be incompatible.
[14:11:36] [Server thread/WARN]: Schematic was made in a newer Minecraft version (3955 > 3465). Data may be incompatible.
[14:11:36] [Server thread/WARN]: Invalid BlockState in palette: minecraft:short_grass=LinIntTag[8]. Block will be replaced with air.
[14:11:36] [Server thread/WARN]: Schematic was made in a newer Minecraft version (3955 > 3465). Data may be incompatible.
[14:11:36] [Server thread/WARN]: Invalid BlockState in palette: minecraft:short_grass=LinIntTag[14]. Block will be replaced with air.
[14:11:36] [Server thread/WARN]: Schematic was made in a newer Minecraft version (3955 > 3465). Data may be incompatible.
[14:11:36] [Server thread/WARN]: Invalid BlockState in palette: minecraft:short_grass=LinIntTag[26]. Block will be replaced with air.
[14:11:36] [Server thread/WARN]: Schematic was made in a newer Minecraft version (3955 > 3465). Data may be incompatible.
[14:11:36] [Server thread/WARN]: Invalid BlockState in palette: minecraft:short_grass=LinIntTag[31]. Block will be replaced with air.
[14:11:36] [Server thread/WARN]: Schematic was made in a newer Minecraft version (3955 > 3465). Data may be incompatible.
[14:11:36] [Server thread/WARN]: Invalid BlockState in palette: minecraft:short_grass=LinIntTag[14]. Block will be replaced with air.
[14:11:36] [Server thread/WARN]: Schematic was made in a newer Minecraft version (3955 > 3465). Data may be incompatible.
[14:11:36] [Server thread/WARN]: Invalid BlockState in palette: minecraft:short_grass=LinIntTag[21]. Block will be replaced with air.
[14:11:36] [Server thread/WARN]: Schematic was made in a newer Minecraft version (3955 > 3465). Data may be incompatible.
[14:11:36] [Server thread/WARN]: Invalid BlockState in palette: minecraft:short_grass=LinIntTag[33]. Block will be replaced with air.
[14:11:36] [Server thread/WARN]: Schematic was made in a newer Minecraft version (3955 > 3465). Data may be incompatible.
[14:11:36] [Server thread/WARN]: Invalid BlockState in palette: minecraft:short_grass=LinIntTag[27]. Block will be replaced with air.
[14:11:36] [Server thread/WARN]: Schematic was made in a newer Minecraft version (3955 > 3465). Data may be incompatible.
[14:11:36] [Server thread/WARN]: Invalid BlockState in palette: minecraft:short_grass=LinIntTag[24]. Block will be replaced with air.
[14:11:36] [Server thread/WARN]: Schematic was made in a newer Minecraft version (3955 > 3465). Data may be incompatible.
[14:11:36] [Server thread/WARN]: Invalid BlockState in palette: minecraft:short_grass=LinIntTag[15]. Block will be replaced with air.
[14:11:36] [Server thread/INFO]: [org.reflections.Reflections] Reflections took 3 ms to scan 1 urls, producing 1 keys and 10 values
[14:11:36] [Server thread/INFO]: [PhysicsControl] Enabling PhysicsControl v1.2.2
[14:11:36] [Server thread/INFO]: [HealthBar-Reloaded] Enabling HealthBar-Reloaded v2.0.5-beta
[14:11:36] [Server thread/INFO]: [ValhallaRaces] Enabling ValhallaRaces v2.2
[14:11:36] [Server thread/INFO]: [PlaceholderAPI] Successfully registered internal expansion: valhallaraces [1.1]
[14:11:36] [Server thread/INFO]: [AFKPlus] Enabling AFKPlus v3.4.9
[14:11:36] [Server thread/INFO]: [AFKPlus] AFKPlus v.3.4.9 has been enabled!
[14:11:36] [Server thread/INFO]: [EnchantmentSolution] Enabling EnchantmentSolution v2.5.15.2
[14:11:36] [Server thread/INFO]: [superleashes] Enabling superleashes v1.0.6
[14:11:36] [Server thread/INFO]: [ChestSort] Enabling ChestSort v14.2.0
[14:11:36] [Server thread/INFO]: [ChestSort] Use permissions: true
[14:11:36] [Server thread/INFO]: [ChestSort] Current sorting method: {category},{itemsFirst},{name},{color},{customName}
[14:11:36] [Server thread/INFO]: [ChestSort] Allow automatic chest sorting:true
[14:11:36] [Server thread/INFO]: [ChestSort]   |- Chest sorting enabled by default: false
[14:11:36] [Server thread/INFO]: [ChestSort]   |- Sort time: close
[14:11:36] [Server thread/INFO]: [ChestSort] Allow automatic inventory sorting:true
[14:11:36] [Server thread/INFO]: [ChestSort]   |- Inventory sorting enabled by default: false
[14:11:36] [Server thread/INFO]: [ChestSort] Auto generate category files: true
[14:11:36] [Server thread/INFO]: [ChestSort] Allow hotkeys: true
[14:11:36] [Server thread/INFO]: [ChestSort] Hotkeys enabled by default:
[14:11:36] [Server thread/INFO]: [ChestSort]   |- Middle-Click: true
[14:11:36] [Server thread/INFO]: [ChestSort]   |- Shift-Click: true
[14:11:36] [Server thread/INFO]: [ChestSort]   |- Double-Click: true
[14:11:36] [Server thread/INFO]: [ChestSort]   |- Shift-Right-Click: true
[14:11:36] [Server thread/INFO]: [ChestSort] Allow additional hotkeys: true
[14:11:36] [Server thread/INFO]: [ChestSort] Additional hotkeys enabled by default:
[14:11:36] [Server thread/INFO]: [ChestSort]   |- Left-Click: false
[14:11:36] [Server thread/INFO]: [ChestSort]   |- Right-Click: false
[14:11:36] [Server thread/INFO]: [ChestSort] Check for updates: true
[14:11:36] [Server thread/INFO]: [ChestSort] Check interval: 4 hours (4.0 seconds)
[14:11:36] [Server thread/INFO]: [ChestSort] Categories: 900-weapons (6), 905-common-tools (4), 907-other-tools (6), 909-food (33), 910-valuables (47), 920-armor-and-arrows (9), 930-brewing (18), 950-redstone (23), 960-wood (60), 970-stone (38), 980-plants (50), 981-corals (1)
[14:11:36] [Server thread/INFO]: [PlaceholderAPI] Successfully registered internal expansion: chestsort [14.2.0]
[14:11:36] [Server thread/INFO]: [hardcore-hearts] Enabling hardcore-hearts v1.1.7
[14:11:36] [Server thread/INFO]: [TabList] Enabling TabList v5.7.7
[14:11:36] [Server thread/INFO]: [TabList] Found PlaceholderAPI version: 2.11.6
[14:11:37] [Server thread/INFO]: [TabList] v5.7.7 on v1_20_1 (98ms)
[14:11:37] [Server thread/INFO]: [LumberJack] Enabling LumberJack v5.4.0
[14:11:37] [Server thread/INFO]: [PlaceholderAPI] Successfully registered internal expansion: lumberjack [5.4.0]
[14:11:37] [Server thread/INFO]: [PlaceholderAPI] Placeholder expansion registration initializing...
[14:11:37] [Server thread/INFO]: Running delayed init tasks
[14:11:37] [Craft Scheduler Thread - 22 - InteractionVisualizer/INFO]: [InteractionVisualizer] Downloading and extracting latest Language files...
[14:11:37] [Craft Scheduler Thread - 12 - BukkitInventoryTweaks/INFO]: [BukkitInventoryTweaks] Checking for update...
[14:11:37] [Craft Scheduler Thread - 33 - EnchantmentSolution/INFO]: [EnchantmentSolution] Checking for latest version.
[14:11:37] [Craft Scheduler Thread - 30 - AFKPlus/INFO]: [AFKPlus] AFKPlus file watcher started!
[14:11:37] [Craft Scheduler Thread - 4 - SimpleTpa/INFO]: [SimpleTpa] There is a new update available.
[14:11:37] [Craft Scheduler Thread - 32 - BetterStructures/INFO]: [BetterStructures] Latest public release is 2.0.3
[14:11:37] [Craft Scheduler Thread - 32 - BetterStructures/INFO]: [BetterStructures] Your version is 2.0.3
[14:11:37] [Craft Scheduler Thread - 9 - BackpackPlus/INFO]: =============================[BackpackPlus]=============================
[14:11:37] [Craft Scheduler Thread - 9 - BackpackPlus/INFO]: The plugin is up to date: (RELEASE 2.0.1)
[14:11:37] [Craft Scheduler Thread - 9 - BackpackPlus/INFO]: =============================[BackpackPlus]=============================
[14:11:37] [Craft Scheduler Thread - 17 - BloodEffect/INFO]: [BloodEffect] §aYou are running at the latest version of BloodEffects 3.0.3
[14:11:37] [Craft Scheduler Thread - 23 - RealScoreboard/INFO]: [RealScoreboard] The plugin is updated to the latest version.
[14:11:37] [Craft Scheduler Thread - 4 - SimpleTpa/INFO]: [SimpleTpa] There is a new update available:
[14:11:37] [Craft Scheduler Thread - 4 - SimpleTpa/INFO]: [SimpleTpa] https://www.spigotmc.org/resources/simple-tpa.64270/
[14:11:37] [Craft Scheduler Thread - 32 - BetterStructures/INFO]: [BetterStructures] You are running the latest version!
[14:11:37] [Craft Scheduler Thread - 22 - InteractionVisualizer/INFO]: [InteractionVisualizer] Sucessfully downloaded the latest Language files!
[14:11:37] [Craft Scheduler Thread - 18 - AFKPlus/INFO]: [AFKPlus] §6There is no update available
[14:11:37] [Craft Scheduler Thread - 33 - EnchantmentSolution/INFO]: [EnchantmentSolution] Your version is up-to-date.
[14:11:37] [Craft Scheduler Thread - 12 - BukkitInventoryTweaks/INFO]: [BukkitInventoryTweaks] Version installed is 1.1.2
[14:11:37] [Craft Scheduler Thread - 12 - BukkitInventoryTweaks/INFO]: [BukkitInventoryTweaks] Latest version found online is 1.1.2
[14:11:37] [Craft Scheduler Thread - 12 - BukkitInventoryTweaks/INFO]: [BukkitInventoryTweaks] No update found.
[14:11:37] [Craft Scheduler Thread - 16 - TimeBar/WARN]: [TimeBar] A new version is available (1.4.8-hotfix)! You are running version 1.4.5. You are 4 version(s) behind.
[14:11:38] [Server thread/INFO]: [PlaceholderAPI] Successfully registered internal expansion: rs [1.0.0]
[14:11:38] [Server thread/INFO]: [RealisticSeasons] Total biomes registered on server: 778
[14:11:38] [Server thread/INFO]: [Hibernate] Saving worlds before Hibernation
[14:11:38] [Server thread/WARN]: A manual (plugin-induced) save has been detected while server is configured to auto-save. This may affect performance.
[14:11:38] [Server thread/INFO]: [Hibernate] Worlds saved!
[14:11:38] [Server thread/INFO]: [PlaceholderAPI] Successfully registered external expansion: localtime [1.2]
[14:11:38] [Server thread/INFO]: 1 placeholder hook(s) registered!
[14:11:38] [Server thread/INFO]: [EnchantmentSolution] Vein Miner compatibility enabled!
[14:11:38] [Server thread/WARN]: java.net.UnknownHostException: api.jeff-media.de
[14:11:38] [Server thread/WARN]: 	at java.base/sun.nio.ch.NioSocketImpl.connect(NioSocketImpl.java:567)
[14:11:38] [Server thread/WARN]: 	at java.base/java.net.SocksSocketImpl.connect(SocksSocketImpl.java:327)
[14:11:38] [Server thread/WARN]: 	at java.base/java.net.Socket.connect(Socket.java:751)
[14:11:38] [Server thread/WARN]: 	at java.base/sun.security.ssl.SSLSocketImpl.connect(SSLSocketImpl.java:304)
[14:11:38] [Server thread/WARN]: 	at java.base/sun.security.ssl.BaseSSLSocketImpl.connect(BaseSSLSocketImpl.java:181)
[14:11:38] [Server thread/WARN]: 	at java.base/sun.net.NetworkClient.doConnect(NetworkClient.java:183)
[14:11:38] [Server thread/WARN]: 	at java.base/sun.net.www.http.HttpClient.openServer(HttpClient.java:531)
[14:11:38] [Server thread/WARN]: 	at java.base/sun.net.www.http.HttpClient.openServer(HttpClient.java:636)
[14:11:38] [Server thread/WARN]: 	at java.base/sun.net.www.protocol.https.HttpsClient.<init>(HttpsClient.java:264)
[14:11:38] [Server thread/WARN]: 	at java.base/sun.net.www.protocol.https.HttpsClient.New(HttpsClient.java:377)
[14:11:38] [Server thread/WARN]: 	at java.base/sun.net.www.protocol.https.AbstractDelegateHttpsURLConnection.getNewHttpClient(AbstractDelegateHttpsURLConnection.java:193)
[14:11:38] [Server thread/WARN]: 	at java.base/sun.net.www.protocol.http.HttpURLConnection.plainConnect0(HttpURLConnection.java:1252)
[14:11:38] [Server thread/WARN]: 	at java.base/sun.net.www.protocol.http.HttpURLConnection.plainConnect(HttpURLConnection.java:1138)
[14:11:38] [Server thread/WARN]: 	at java.base/sun.net.www.protocol.https.AbstractDelegateHttpsURLConnection.connect(AbstractDelegateHttpsURLConnection.java:179)
[14:11:38] [Server thread/WARN]: 	at java.base/sun.net.www.protocol.http.HttpURLConnection.getInputStream0(HttpURLConnection.java:1690)
[14:11:38] [Server thread/WARN]: 	at java.base/sun.net.www.protocol.http.HttpURLConnection.getInputStream(HttpURLConnection.java:1614)
[14:11:38] [Server thread/WARN]: 	at java.base/sun.net.www.protocol.https.HttpsURLConnectionImpl.getInputStream(HttpsURLConnectionImpl.java:223)
[14:11:38] [Server thread/WARN]: 	at ChestSort-14.2.0.jar//de.jeff_media.chestsort.updatechecker.UpdateChecker.lambda$checkNow$5(UpdateChecker.java:273)
[14:11:38] [Server thread/WARN]: 	at org.bukkit.craftbukkit.v1_20_R1.scheduler.CraftTask.run(CraftTask.java:101)
[14:11:38] [Server thread/WARN]: 	at org.bukkit.craftbukkit.v1_20_R1.scheduler.CraftAsyncTask.run(CraftAsyncTask.java:57)
[14:11:38] [Server thread/WARN]: 	at com.destroystokyo.paper.ServerSchedulerReportingWrapper.run(ServerSchedulerReportingWrapper.java:22)
[14:11:38] [Server thread/WARN]: 	at java.base/java.util.concurrent.ThreadPoolExecutor.runWorker(ThreadPoolExecutor.java:1144)
[14:11:38] [Server thread/WARN]: 	at java.base/java.util.concurrent.ThreadPoolExecutor$Worker.run(ThreadPoolExecutor.java:642)
[14:11:38] [Server thread/WARN]: 	at java.base/java.lang.Thread.run(Thread.java:1583)
[14:11:38] [Server thread/WARN]: java.net.UnknownHostException: api.jeff-media.de
[14:11:38] [Server thread/WARN]: 	at java.base/sun.nio.ch.NioSocketImpl.connect(NioSocketImpl.java:567)
[14:11:38] [Server thread/WARN]: 	at java.base/java.net.SocksSocketImpl.connect(SocksSocketImpl.java:327)
[14:11:38] [Server thread/WARN]: 	at java.base/java.net.Socket.connect(Socket.java:751)
[14:11:38] [Server thread/WARN]: 	at java.base/sun.security.ssl.SSLSocketImpl.connect(SSLSocketImpl.java:304)
[14:11:38] [Server thread/WARN]: 	at java.base/sun.security.ssl.BaseSSLSocketImpl.connect(BaseSSLSocketImpl.java:181)
[14:11:38] [Server thread/WARN]: 	at java.base/sun.net.NetworkClient.doConnect(NetworkClient.java:183)
[14:11:38] [Server thread/WARN]: 	at java.base/sun.net.www.http.HttpClient.openServer(HttpClient.java:531)
[14:11:38] [Server thread/WARN]: 	at java.base/sun.net.www.http.HttpClient.openServer(HttpClient.java:636)
[14:11:38] [Server thread/WARN]: 	at java.base/sun.net.www.protocol.https.HttpsClient.<init>(HttpsClient.java:264)
[14:11:38] [Server thread/WARN]: 	at java.base/sun.net.www.protocol.https.HttpsClient.New(HttpsClient.java:377)
[14:11:38] [Server thread/WARN]: 	at java.base/sun.net.www.protocol.https.AbstractDelegateHttpsURLConnection.getNewHttpClient(AbstractDelegateHttpsURLConnection.java:193)
[14:11:38] [Server thread/WARN]: 	at java.base/sun.net.www.protocol.http.HttpURLConnection.plainConnect0(HttpURLConnection.java:1252)
[14:11:38] [Server thread/WARN]: 	at java.base/sun.net.www.protocol.http.HttpURLConnection.plainConnect(HttpURLConnection.java:1138)
[14:11:38] [Server thread/WARN]: 	at java.base/sun.net.www.protocol.https.AbstractDelegateHttpsURLConnection.connect(AbstractDelegateHttpsURLConnection.java:179)
[14:11:38] [Server thread/WARN]: 	at java.base/sun.net.www.protocol.http.HttpURLConnection.getInputStream0(HttpURLConnection.java:1690)
[14:11:38] [Server thread/WARN]: 	at java.base/sun.net.www.protocol.http.HttpURLConnection.getInputStream(HttpURLConnection.java:1614)
[14:11:38] [Server thread/WARN]: 	at java.base/sun.net.www.protocol.https.HttpsURLConnectionImpl.getInputStream(HttpsURLConnectionImpl.java:223)
[14:11:38] [Server thread/WARN]: 	at DoorsReloaded-1.3.1.jar//de.jeff_media.doorsreloaded.updatechecker.UpdateChecker.lambda$checkNow$5(UpdateChecker.java:203)
[14:11:38] [Server thread/WARN]: 	at org.bukkit.craftbukkit.v1_20_R1.scheduler.CraftTask.run(CraftTask.java:101)
[14:11:38] [Server thread/WARN]: 	at org.bukkit.craftbukkit.v1_20_R1.scheduler.CraftAsyncTask.run(CraftAsyncTask.java:57)
[14:11:38] [Server thread/WARN]: 	at com.destroystokyo.paper.ServerSchedulerReportingWrapper.run(ServerSchedulerReportingWrapper.java:22)
[14:11:38] [Server thread/WARN]: 	at java.base/java.util.concurrent.ThreadPoolExecutor.runWorker(ThreadPoolExecutor.java:1144)
[14:11:38] [Server thread/WARN]: 	at java.base/java.util.concurrent.ThreadPoolExecutor$Worker.run(ThreadPoolExecutor.java:642)
[14:11:38] [Server thread/WARN]: 	at java.base/java.lang.Thread.run(Thread.java:1583)
[14:11:38] [Server thread/WARN]: [ChestSort] Could not check for updates.
[14:11:38] [Server thread/WARN]: [DoorsReloaded] Could not check for updates.
[14:11:38] [Server thread/WARN]: java.net.UnknownHostException: api.jeff-media.de
[14:11:38] [Server thread/WARN]: 	at java.base/sun.nio.ch.NioSocketImpl.connect(NioSocketImpl.java:567)
[14:11:38] [Server thread/WARN]: 	at java.base/java.net.SocksSocketImpl.connect(SocksSocketImpl.java:327)
[14:11:38] [Server thread/WARN]: 	at java.base/java.net.Socket.connect(Socket.java:751)
[14:11:38] [Server thread/WARN]: 	at java.base/sun.security.ssl.SSLSocketImpl.connect(SSLSocketImpl.java:304)
[14:11:38] [Server thread/WARN]: 	at java.base/sun.security.ssl.BaseSSLSocketImpl.connect(BaseSSLSocketImpl.java:181)
[14:11:38] [Server thread/WARN]: 	at java.base/sun.net.NetworkClient.doConnect(NetworkClient.java:183)
[14:11:38] [Server thread/WARN]: 	at java.base/sun.net.www.http.HttpClient.openServer(HttpClient.java:531)
[14:11:38] [Server thread/WARN]: 	at java.base/sun.net.www.http.HttpClient.openServer(HttpClient.java:636)
[14:11:38] [Server thread/WARN]: 	at java.base/sun.net.www.protocol.https.HttpsClient.<init>(HttpsClient.java:264)
[14:11:38] [Server thread/WARN]: 	at java.base/sun.net.www.protocol.https.HttpsClient.New(HttpsClient.java:377)
[14:11:38] [Server thread/WARN]: 	at java.base/sun.net.www.protocol.https.AbstractDelegateHttpsURLConnection.getNewHttpClient(AbstractDelegateHttpsURLConnection.java:193)
[14:11:38] [Server thread/WARN]: 	at java.base/sun.net.www.protocol.http.HttpURLConnection.plainConnect0(HttpURLConnection.java:1252)
[14:11:38] [Server thread/WARN]: 	at java.base/sun.net.www.protocol.http.HttpURLConnection.plainConnect(HttpURLConnection.java:1138)
[14:11:38] [Server thread/WARN]: 	at java.base/sun.net.www.protocol.https.AbstractDelegateHttpsURLConnection.connect(AbstractDelegateHttpsURLConnection.java:179)
[14:11:38] [Server thread/WARN]: 	at java.base/sun.net.www.protocol.http.HttpURLConnection.getInputStream0(HttpURLConnection.java:1690)
[14:11:38] [Server thread/WARN]: 	at java.base/sun.net.www.protocol.http.HttpURLConnection.getInputStream(HttpURLConnection.java:1614)
[14:11:38] [Server thread/WARN]: 	at java.base/sun.net.www.protocol.https.HttpsURLConnectionImpl.getInputStream(HttpsURLConnectionImpl.java:223)
[14:11:38] [Server thread/WARN]: 	at LumberJack-5.4.0.jar//de.jeff_media.lumberjack.libs.updatechecker.UpdateChecker.lambda$checkNow$5(UpdateChecker.java:203)
[14:11:38] [Server thread/WARN]: 	at org.bukkit.craftbukkit.v1_20_R1.scheduler.CraftTask.run(CraftTask.java:101)
[14:11:38] [Server thread/WARN]: 	at org.bukkit.craftbukkit.v1_20_R1.scheduler.CraftAsyncTask.run(CraftAsyncTask.java:57)
[14:11:38] [Server thread/WARN]: 	at com.destroystokyo.paper.ServerSchedulerReportingWrapper.run(ServerSchedulerReportingWrapper.java:22)
[14:11:38] [Server thread/WARN]: 	at java.base/java.util.concurrent.ThreadPoolExecutor.runWorker(ThreadPoolExecutor.java:1144)
[14:11:38] [Server thread/WARN]: 	at java.base/java.util.concurrent.ThreadPoolExecutor$Worker.run(ThreadPoolExecutor.java:642)
[14:11:38] [Server thread/WARN]: 	at java.base/java.lang.Thread.run(Thread.java:1583)
[14:11:38] [Server thread/WARN]: [LumberJack] Could not check for updates.
[14:11:39] [Server thread/WARN]: [ValhallaMMO] There is a new version of ValhallaMMO available: premium_1.7
[14:11:39] [Server thread/WARN]: [ValhallaMMO] Please don't forget to look at the change notes, this update might be important and additional steps may be required to have the update go smoothly
[14:11:39] [Server thread/WARN]: [ValhallaMMO] https://www.spigotmc.org/resources/valhallammo-1-19-1-21-8.94921/
[14:11:39] [Server thread/INFO]: Done (54.927s)! For help, type "help"
[14:11:39] [Server thread/INFO]: Timings Reset
[14:11:42] [Server thread/WARN]: Can't keep up! Is the server overloaded? Running 5314ms or 106 ticks behind
[14:11:58] [Craft Scheduler Thread - 6 - CrashAPI/INFO]: [CrashAPI] Checking for latest version.
[14:11:58] [Craft Scheduler Thread - 6 - CrashAPI/INFO]: [CrashAPI] Your version is up-to-date.
[14:11:59] [User Authenticator #0/INFO]: UUID of player djtmecsong is ddc80a84-53c8-3dfb-aba9-512eb565597c
[14:12:01] [Server thread/INFO]: djtmecsong joined the game
[14:12:01] [Server thread/INFO]: djtmecsong[/[0:0:0:0:0:0:0:1%0]:57638] logged in with entity id 290 at ([world]-366.7674233920008, 72.0, -454.6446669051886)
[14:12:01] [Craft Scheduler Thread - 6 - RealScoreboard/INFO]: [RealScoreboard] Using 1.17+ ping method.
[14:12:01] [Server thread/INFO]: [CustomStructures] Loading structures from files.
[14:12:01] [Server thread/WARN]: [CustomStructures] Unable to enable SubStructures on structure .
[14:12:01] [Server thread/WARN]: [CustomStructures] The following error occurred:
[14:12:01] [Server thread/WARN]: [CustomStructures] Format Error: Schematics does not contain a file!
[14:12:01] [Server thread/INFO]: [CustomStructures] The plugin has been fully enabled with 1 structures.
[14:12:01] [Server thread/INFO]: [CustomStructures] 0 addons were found.
[14:12:24] [Server thread/WARN]: Can't keep up! Is the server overloaded? Running 11354ms or 227 ticks behind
[14:12:26] [User Authenticator #0/INFO]: UUID of player Sherwin1605 is fe86a590-ac58-32ad-abfc-2189b9705865
[14:12:26] [Server thread/INFO]: Sherwin1605 joined the game
[14:12:26] [Server thread/INFO]: Sherwin1605[/[0:0:0:0:0:0:0:1%0]:41922] logged in with entity id 876 at ([world]-440.4167687076088, 66.0, -304.22258401845926)
[14:12:45] [Server thread/WARN]: djtmecsong was kicked due to keepalive timeout!
[14:12:45] [Server thread/INFO]: djtmecsong lost connection: Timed out
[14:12:46] [Server thread/INFO]: djtmecsong left the game
[14:12:52] [User Authenticator #0/INFO]: UUID of player djtmecsong is ddc80a84-53c8-3dfb-aba9-512eb565597c
[14:12:52] [Server thread/INFO]: djtmecsong - 19/27 joined the game
[14:12:52] [Server thread/INFO]: djtmecsong[/[0:0:0:0:0:0:0:1%0]:33114] logged in with entity id 1026 at ([world]-366.7674233920008, 64.0, -454.6446669051886)
[14:13:37] [Server thread/WARN]: djtmecsong was kicked due to keepalive timeout!
[14:13:37] [Server thread/INFO]: djtmecsong lost connection: Timed out
[14:13:37] [Server thread/INFO]: djtmecsong left the game
[14:13:51] [User Authenticator #0/INFO]: UUID of player djtmecsong is ddc80a84-53c8-3dfb-aba9-512eb565597c
[14:13:52] [Server thread/INFO]: djtmecsong - 20/21 joined the game
[14:13:52] [Server thread/INFO]: djtmecsong[/[0:0:0:0:0:0:0:1%0]:41452] logged in with entity id 1622 at ([world]-366.7674233920008, 64.0, -454.6446669051886)
[14:14:00] [Server thread/INFO]: Sherwin1605 issued server command: /tp @a Sherwin1605
[14:14:00] [Server thread/INFO]: [Sherwin1605 - 28/28: Teleported 2 entities to Sherwin1605 - 28/28]
[14:16:16] [Server thread/INFO]: Preparing Timings Report...
[14:16:18] [Timings paste thread/INFO]: View Timings Report: https://timings.aikar.co/dev/?id=22cc2766f7ba437083c14bdd0a1589fc
[14:19:47] [Async Chat Thread - #1/INFO]: [Not Secure] <djtmecsong> djtmelagvl
[14:19:59] [Async Chat Thread - #1/INFO]: [Not Secure] <djtmecsong> mute de th lz quyen hoc :)
[14:20:33] [Server thread/INFO]: Player djtmecsong was scared by the DONT_TURN_AROUND screamer
[14:20:58] [Async Chat Thread - #1/INFO]: [Not Secure] <djtmecsong> lag d chiu dc
[14:21:00] [Craft Scheduler Thread - 8 - spark/INFO]: [⚡] TPS from last 5s, 10s, 1m, 5m, 15m:
[14:21:00] [Craft Scheduler Thread - 8 - spark/INFO]: [⚡]  20.0, *20.0, *20.0, *20.0, 19.68
[14:21:00] [Craft Scheduler Thread - 8 - spark/INFO]: [⚡] 
[14:21:00] [Craft Scheduler Thread - 8 - spark/INFO]: [⚡] Tick durations (min/med/95%ile/max ms) from last 10s, 1m:
[14:21:00] [Craft Scheduler Thread - 8 - spark/INFO]: [⚡]  16.5/20.6/36.9/54.1;  16.4/21.1/37.6/63.0
[14:21:00] [Craft Scheduler Thread - 8 - spark/INFO]: [⚡] 
[14:21:00] [Craft Scheduler Thread - 8 - spark/INFO]: [⚡] CPU usage from last 10s, 1m, 15m:
[14:21:00] [Craft Scheduler Thread - 8 - spark/INFO]: [⚡]  30%, 29%, 36%  (system)
[14:21:00] [Craft Scheduler Thread - 8 - spark/INFO]: [⚡]  21%, 23%, 29%  (process)
[14:21:01] [ValhallaMMO-Async-Profile-Thread/INFO]: [ValhallaMMO] Starting saving all profiles
[14:21:01] [ValhallaMMO-Async-Profile-Thread/INFO]: [ValhallaMMO] Finished saving all profiles in 0.053s
[14:21:13] [Server thread/INFO]: Player Sherwin1605 was scared by the WINDOWS_CRASHER screamer
[14:22:19] [Server thread/INFO]: Sherwin1605 issued server command: /hibernate reload
[14:22:40] [Craft Scheduler Thread - 62 - spark/INFO]: [⚡] TPS from last 5s, 10s, 1m, 5m, 15m:
[14:22:40] [Craft Scheduler Thread - 62 - spark/INFO]: [⚡]  *20.0, *20.0, *20.0, *20.0, 19.68
[14:22:40] [Craft Scheduler Thread - 62 - spark/INFO]: [⚡] 
[14:22:40] [Craft Scheduler Thread - 62 - spark/INFO]: [⚡] Tick durations (min/med/95%ile/max ms) from last 10s, 1m:
[14:22:40] [Craft Scheduler Thread - 62 - spark/INFO]: [⚡]  15.9/19.9/35.6/59.1;  15.7/21.0/36.6/67.5
[14:22:40] [Craft Scheduler Thread - 62 - spark/INFO]: [⚡] 
[14:22:40] [Craft Scheduler Thread - 62 - spark/INFO]: [⚡] CPU usage from last 10s, 1m, 15m:
[14:22:41] [Craft Scheduler Thread - 62 - spark/INFO]: [⚡]  27%, 31%, 35%  (system)
[14:22:41] [Craft Scheduler Thread - 62 - spark/INFO]: [⚡]  20%, 23%, 28%  (process)
[14:23:55] [Server thread/INFO]: Stopping the server
[14:23:55] [Server thread/INFO]: Stopping server
[14:23:55] [Server thread/INFO]: [LumberJack] Disabling LumberJack v5.4.0
[14:23:55] [Server thread/INFO]: [TabList] Disabling TabList v5.7.7
[14:23:55] [Server thread/INFO]: [SkinsRestorer] Disabling SkinsRestorer v15.8.2
[14:23:55] [Server thread/INFO]: [hardcore-hearts] Disabling hardcore-hearts v1.1.7
[14:23:55] [Server thread/INFO]: [ChestSort] Disabling ChestSort v14.2.0
[14:23:55] [Server thread/INFO]: [superleashes] Disabling superleashes v1.0.6
[14:23:55] [Server thread/INFO]: [EnchantmentSolution] Disabling EnchantmentSolution v2.5.15.2
[14:23:55] [Server thread/INFO]: [AFKPlus] Disabling AFKPlus v3.4.9
[14:23:55] [Server thread/INFO]: [AFKPlus] AFKPlus has been disabled!
[14:23:55] [Server thread/INFO]: [ValhallaRaces] Disabling ValhallaRaces v2.2
[14:23:55] [Server thread/INFO]: [HealthBar-Reloaded] Disabling HealthBar-Reloaded v2.0.5-beta
[14:23:55] [Server thread/INFO]: HealthBar disabled: all the health bars have been removed.
[14:23:55] [Server thread/INFO]: [PhysicsControl] Disabling PhysicsControl v1.2.2
[14:23:55] [Server thread/INFO]: [BetterStructures] Disabling BetterStructures v2.0.3
[14:23:55] [Server thread/INFO]: [BetterStructures] Shutdown!
[14:23:55] [Server thread/INFO]: [Hibernate] Disabling Hibernate v2.1.0
[14:23:55] [Server thread/INFO]: [spark] Disabling spark v1.10.152
[14:23:55] [Server thread/INFO]: [BloodEffect] Disabling BloodEffect v3.0.3
[14:23:55] [Server thread/INFO]: [Blood Effects Reborn] The plugin has successfully unloaded!
[14:23:55] [Server thread/INFO]: [EnchantsSquared] Disabling EnchantsSquared v2.5.17
[14:23:55] [Server thread/INFO]: [BackpackPlus] Disabling BackpackPlus v2.0.1
[14:23:55] [Server thread/INFO]: [BackpackPlus] SQLite Successfully disconnected from the database
[14:23:55] [Server thread/INFO]: [SimpleTpa] Disabling SimpleTpa v7.9
[14:23:55] [Server thread/INFO]: [SimpleTpa] If you need support contact me at https://discord.gg/SZUkza9
[14:23:55] [Server thread/INFO]: [SimpleTpa] Simple Tpa has been disabled on version 7.9
[14:23:55] [Server thread/INFO]: [Jumpscares] Disabling Jumpscares v1.22.1
[14:23:55] [Server thread/INFO]: [TimeBar] Disabling TimeBar v1.4.5
[14:23:55] [Server thread/INFO]: [PhysicsToGo] Disabling PhysicsToGo v2.1.2
[14:23:55] [Server thread/INFO]: [SimpleRTP] Disabling SimpleRTP v5.4
[14:23:55] [Server thread/INFO]: [RealScoreboard] Disabling RealScoreboard v1.5.6
[14:23:55] [Server thread/INFO]: [BukkitInventoryTweaks] Disabling BukkitInventoryTweaks v1.1.2
[14:23:55] [Server thread/INFO]: [BukkitInventoryTweaks] Plugin is now disabled!
[14:23:55] [Server thread/INFO]: [AttackIndicator] Disabling AttackIndicator v1.6
[14:23:55] [Server thread/INFO]: [CustomStructures] Disabling CustomStructures v1.9.1
[14:23:55] [Server thread/INFO]: [BookShelf] Disabling Bookshelf v3.1.18.0
[14:23:55] [Server thread/INFO]: [Bookshelf] Saving bookshelves..
[14:23:55] [Server thread/INFO]: [Bookshelf] Saving bookshelves for world world
[14:23:55] [Server thread/INFO]: [Bookshelf] (world): All bookshelves are saved
[14:23:55] [Server thread/INFO]: [Bookshelf] Saving bookshelves for world world_nether
[14:23:55] [Server thread/INFO]: [Bookshelf] (world_nether): All bookshelves are saved
[14:23:55] [Server thread/INFO]: [Bookshelf] Saving bookshelves for world world_the_end
[14:23:55] [Server thread/INFO]: [Bookshelf] (world_the_end): All bookshelves are saved
[14:23:55] [Server thread/INFO]: [Bookshelf] Bookshelves saved! (6ms)
[14:23:55] [Server thread/INFO]: [Bookshelf] BookShelf has been Disabled!
[14:23:55] [Server thread/INFO]: [GodItems] Disabling GodItems v3.0.1
[14:23:55] [Server thread/INFO]: [GodItems] Saved player inventories: true
[14:23:55] [Server thread/INFO]: [DoorsReloaded] Disabling DoorsReloaded v1.3.1
[14:23:55] [Server thread/INFO]: [BeaconWaypoints] Disabling BeaconWaypoints v1.7.2
[14:23:55] [Server thread/INFO]: [VeinMiner] Disabling VeinMiner v2.3.0
[14:23:55] [Server thread/INFO]: [VeinMiner] Clearing localized data
[14:23:55] [Server thread/INFO]: [CrashAPI] Disabling CrashAPI v1.1.13
[14:23:55] [Server thread/INFO]: [LuckPerms] Disabling LuckPerms v5.5.0
[14:23:55] [Server thread/INFO]: [LuckPerms] Starting shutdown process...
[14:23:55] [Server thread/INFO]: [LuckPerms] Closing storage...
[14:23:55] [Server thread/INFO]: [LuckPerms] Goodbye!
[14:23:55] [Server thread/INFO]: [LevelledMobs] Disabling LevelledMobs v4.3.2.1 b125
[14:23:55] [Server thread/INFO]: [LevelledMobs] Unregistering commands
[14:23:55] [Server thread/INFO]: [LevelledMobs] Tasks: Shutting down other async tasks...
[14:23:55] [Server thread/INFO]: [LevelledMobs] Shut-down complete (took 1ms)
[14:23:55] [Server thread/INFO]: [Terra] Disabling Terra v6.3.1-BETA+73baaec6c
[14:23:55] [Craft Scheduler Thread - 27 - LevelledMobs/INFO]: [LevelledMobs] Mob processing queue Manager has exited
[14:23:55] [Craft Scheduler Thread - 28 - LevelledMobs/INFO]: [LevelledMobs] Nametag update queue Manager has exited
[14:23:55] [Server thread/INFO]: [ValhallaTrinkets] Disabling ValhallaTrinkets v2.5
[14:23:55] [Server thread/INFO]: [RealisticSeasons] Disabling RealisticSeasons v11.8.2
[14:23:55] [Server thread/INFO]: [InteractionVisualizer] Disabling InteractionVisualizer v1.18.18.0
[14:23:55] [Server thread/INFO]: [PlaceholderAPI] Unregistered placeholder expansion interactionvisualizer
[14:23:55] [Server thread/INFO]: [PlaceholderAPI] Reason: required plugin InteractionVisualizer was disabled.
[14:23:55] [Server thread/INFO]: [InteractionVisualizer] Saving player preferences bitmask index, do not halt the server.
[14:23:55] [Server thread/INFO]: [InteractionVisualizer] Plugin reload detected, attempting to despawn all visual entities. If anything went wrong, please restart! (Reloads are always not recommended)
[14:23:55] [Server thread/INFO]: [InteractionVisualizer] InteractionVisualizer has been disabled!
[14:23:55] [Server thread/INFO]: [ValhallaMMO] Disabling ValhallaMMO vpremium_1.4
[14:23:55] [Server thread/INFO]: [ProtocolLib] Disabling ProtocolLib v5.4.0
[14:23:55] [Server thread/INFO]: [WorldEdit] Disabling WorldEdit v7.3.1+6763-2e55f4f
[14:23:55] [Server thread/INFO]: Unregistering com.sk89q.worldedit.bukkit.BukkitServerInterface from WorldEdit
[14:23:55] [Server thread/INFO]: [PlaceholderAPI] Disabling PlaceholderAPI v2.11.6
[14:23:55] [Server thread/INFO]: Saving players
[14:23:55] [Server thread/INFO]: Sherwin1605 lost connection: Server closed
[14:23:55] [Server thread/INFO]: Sherwin1605 left the game
[14:23:55] [Server thread/INFO]: djtmecsong lost connection: Server closed
[14:23:55] [Server thread/INFO]: djtmecsong left the game
[14:23:55] [Server thread/INFO]: Saving worlds
[14:23:55] [Server thread/INFO]: Saving chunks for level 'ServerLevel[world]'/minecraft:overworld
[14:23:55] [Server thread/INFO]: [ChunkHolderManager] Waiting 60s for chunk system to halt for world 'world'
[14:23:55] [Server thread/INFO]: [ChunkHolderManager] Halted chunk system for world 'world'
[14:23:55] [Server thread/INFO]: [ChunkHolderManager] Saving all chunkholders for world 'world'
[14:23:55] [Server thread/INFO]: [ChunkHolderManager] Saved 15 block chunks, 236 entity chunks, 0 poi chunks in world 'world' in 0.06s
[14:23:55] [Server thread/INFO]: ThreadedAnvilChunkStorage (world): All chunks are saved
[14:23:55] [Server thread/INFO]: Saving chunks for level 'ServerLevel[world_nether]'/minecraft:the_nether
[14:23:55] [Server thread/INFO]: [ChunkHolderManager] Waiting 60s for chunk system to halt for world 'world_nether'
[14:23:55] [Server thread/INFO]: [ChunkHolderManager] Halted chunk system for world 'world_nether'
[14:23:55] [Server thread/INFO]: [ChunkHolderManager] Saving all chunkholders for world 'world_nether'
[14:23:55] [Server thread/INFO]: [ChunkHolderManager] Saved 4 block chunks, 84 entity chunks, 0 poi chunks in world 'world_nether' in 0.02s
[14:23:55] [Server thread/INFO]: ThreadedAnvilChunkStorage (DIM-1): All chunks are saved
[14:23:55] [Server thread/INFO]: Saving chunks for level 'ServerLevel[world_the_end]'/minecraft:the_end
[14:23:55] [Server thread/INFO]: [ChunkHolderManager] Waiting 60s for chunk system to halt for world 'world_the_end'
[14:23:55] [Server thread/INFO]: [ChunkHolderManager] Halted chunk system for world 'world_the_end'
[14:23:55] [Server thread/INFO]: [ChunkHolderManager] Saving all chunkholders for world 'world_the_end'
[14:23:55] [Server thread/INFO]: [ChunkHolderManager] Saved 8 block chunks, 10 entity chunks, 0 poi chunks in world 'world_the_end' in 0.01s
[14:23:55] [Server thread/INFO]: ThreadedAnvilChunkStorage (DIM1): All chunks are saved
[14:23:55] [Server thread/INFO]: ThreadedAnvilChunkStorage: All dimensions are saved
[14:23:55] [Server thread/INFO]: Flushing Chunk IO
[14:23:55] [Server thread/INFO]: Closing Thread Pool
[14:23:55] [Server thread/INFO]: Closing Server
